DateWeek;Greecearrivals;italyarrivals;googletranslateAntalya;busAntalya;googlemapsAntalya;googleearthAntalya;weatherAntalya;AegeanAntalya;campAntalya;healthAntalya;trainAntalya;boatAntalya;TurkeyAntalya;map+mapsAntalya;hotel+HotelsAntalya;facebookAntalya;newsAntalya;RepublicofMacedoniaAntalya;HungaryAntalya;PublictransportAntalya;FinlandAntalya;routeAntalya;currencyAntalya;TrainstationAntalya;FreedomAntalya;educationAntalya;RefugeeAntalya;WhatsappAntalya;TangoAntalya;ViberAntalya;SkypeAntalya;imoAntalya;youtubeAntalya;tourismAntalya;GooglePlayAntalya;LesbosAntalya;KosAntalya;PortAntalya;googletranslateAydinProvince;busAydinProvince;googlemapsAydinProvince;googleearthAydinProvince;weatherAydinProvince;AegeanAydinProvince;campAydinProvince;healthAydinProvince;trainAydinProvince;boatAydinProvince;TurkeyAydinProvince;map+mapsAydinProvince;hotel+HotelsAydinProvince;facebookAydinProvince;newsAydinProvince;RepublicofMacedoniaAydinProvince;HungaryAydinProvince;PublictransportAydinProvince;FinlandAydinProvince;routeAydinProvince;CurrencyAydinProvince;TrainstationAydinProvince;FreedomAydinProvince;educationAydinProvince;RefugeeAydinProvince;WhatsappAydinProvince;TangoAydinProvince;ViberAydinProvince;SkypeAydinProvince;imoAydinProvince;youtubeAydinProvince;tourismAydinProvince;GooglePlayAydinProvince;LesbosAydinProvince;KosAydinProvince;PortAydinProvince;PublictransportBalikesirProvince;FinlandBalikesirProvince;routeBalikesirProvince;CurrencyBalikesirProvince;RailtransportBalikesirProvince;FreedomBalikesirProvince;educationBalikesirProvince;RefugeeBalikesirProvince;googletranslateBalikesirProvince;busBalikesirProvince;googlemapsBalikesirProvince;googleearthBalikesirProvince;weatherBalikesirProvince;AegeanBalikesirProvince;campBalikesirProvince;healthBalikesirProvince;trainBalikesirProvince;boatBalikesirProvince;TurkeyBalikesirProvince;MapBalikesirProvince;hotel+hotelsBalikesirProvince;FacebookBalikesirProvince;newsBalikesirProvince;macedoniaBalikesirProvince;HungaryBalikesirProvince;TangoBalikesirProvince;ViberBalikesirProvince;SkypeBalikesirProvince;imoBalikesirProvince;youtubeBalikesirProvince;TourismBalikesirProvince;GooglePlayBalikesirProvince;LesbosBalikesirProvince;KosBalikesirProvince;portBalikesirProvince;WhatsAppBalikesirProvince;busCanakkaleProvince;googlemapsCanakkaleProvince;googletranslateCanakkaleProvince;googleearthCanakkaleProvince;weatherCanakkaleProvince;AegeanCanakkaleProvince;campCanakkaleProvince;healthCanakkaleProvince;TrainCanakkaleProvince;boatCanakkaleProvince;TurkeyCanakkaleProvince;mapCanakkaleProvince;hotelCanakkaleProvince;FacebookCanakkaleProvince;newsCanakkaleProvince;RepublicofMacedoniaCanakkaleProvince;HungaryCanakkaleProvince;PublictransportCanakkaleProvince;FinlandCanakkaleProvince;routeCanakkaleProvince;CurrencyCanakkaleProvince;TrainstationCanakkaleProvince;FreedomCanakkaleProvince;educationCanakkaleProvince;RefugeeCanakkaleProvince;WhatsAppCanakkaleProvince;TangoCanakkaleProvince;ViberCanakkaleProvince;SkypeCanakkaleProvince;imoCanakkaleProvince;YouTubeCanakkaleProvince;TourismCanakkaleProvince;GooglePlayCanakkaleProvince;LesbosCanakkaleProvince;KosCanakkaleProvince;portCanakkaleProvince;AegeanSeaEdirne;BoatEdirne;busEdirne;campEdirne;CurrencyEdirne;EducationEdirne;facebookEdirne;FinlandEdirne;FreedomEdirne;GooglePlayEdirne;googleearthEdirne;GoogleMapsEdirne;GoogleTranslateEdirne;HealthEdirne;Hotels+hotelEdirne;HungaryEdirne;imoEdirne;KosEdirne;LesbosEdirne;RepublicofMacedoniaEdirne;map+mapsEdirne;NewsEdirne;portEdirne;RailtransportEdirne;RefugeeEdirne;routeEdirne;SkypeEdirne;TangoEdirne;TourismEdirne;TrainEdirne;PublictransportEdirne;TurkeyEdirne;ViberEdirne;WeatherEdirne;WhatsappEdirne;youtubeEdirne;googletranslateMersinProvince;busMersinProvince;googlemapsMersinProvince;googleearthMersinProvince;weatherMersinProvince;AegeanMersinProvince;campMersinProvince;healthMersinProvince;trainMersinProvince;boatMersinProvince;TurkeyMersinProvince;map+mapsMersinProvince;hotel+HotelsMersinProvince;facebookMersinProvince;newsMersinProvince;RepublicofMacedoniaMersinProvince;HungaryMersinProvince;PublictransportMersinProvince;FinlandMersinProvince;routeMersinProvince;CurrencyMersinProvince;TrainstationMersinProvince;FreedomMersinProvince;educationMersinProvince;RefugeeMersinProvince;WhatsappMersinProvince;TangoMersinProvince;ViberMersinProvince;SkypeMersinProvince;imoMersinProvince;youtubeMersinProvince;tourismMersinProvince;GooglePlayMersinProvince;LesbosMersinProvince;KosMersinProvince;PortMersinProvince;googletranslateizmir;busizmir;googlemapsizmir;googleearthizmir;weatherizmir;Aegeanizmir;campizmir;healthizmir;trainizmir;boatizmir;Turkeyizmir;map+mapsizmir;hotel+Hotelsizmir;facebookizmir;newsizmir;macedoniaizmir;Hungaryizmir;Publictransportizmir;Finlandizmir;routeizmir;Currencyizmir;Trainstationizmir;Freedomizmir;educationizmir;Refugeeizmir;Whatsappizmir;Tangoizmir;Viberizmir;Skypeizmir;imoizmir;youtubeizmir;tourismizmir;GooglePlayizmir;Lesbosizmir;Kosizmir;Portizmir;googletranslateMuglaProvince;busMuglaProvince;googlemapsMuglaProvince;googleearthMuglaProvince;weatherMuglaProvince;AegeanMuglaProvince;campMuglaProvince;healthMuglaProvince;trainMuglaProvince;boatMuglaProvince;TurkeyMuglaProvince;map+mapsMuglaProvince;hotel+HotelsMuglaProvince;facebookMuglaProvince;newsMuglaProvince;RepublicofMacedoniaMuglaProvince;HungaryMuglaProvince;PublictransportMuglaProvince;FinlandMuglaProvince;routeMuglaProvince;CurrencyMuglaProvince;TrainstationMuglaProvince;FreedomMuglaProvince;educationMuglaProvince;RefugeeMuglaProvince;TangoMuglaProvince;ViberMuglaProvince;SkypeMuglaProvince;imoMuglaProvince;youtubeMuglaProvince;tourismMuglaProvince;GooglePlayMuglaProvince;LesbosMuglaProvince;KosMuglaProvince;PortMuglaProvince;WhatsappMuglaProvince
23/08/2015;26395;;93;75;89;83;21;39;25;44;75;57;61;85;53;93;42;6;64;34;45;18;35;49;22;30;30;56;34;43;61;39;96;25;77;27;11;70;75;19;88;37;19;11;74;0;54;22;55;73;48;98;54;50;0;0;5;50;68;50;43;0;40;53;79;66;43;0;90;0;57;0;14;50;0;4;59;65;40;21;76;26;84;80;83;56;29;9;37;38;68;23;27;79;44;97;22;0;20;75;42;40;60;93;89;50;36;26;48;55;50;93;48;61;42;8;34;31;26;31;59;92;39;97;55;45;42;0;0;0;55;38;52;76;40;54;29;46;58;0;89;63;85;36;0;34;0;87;46;53;68;56;87;0;74;50;34;44;64;57;23;0;49;0;0;31;40;59;0;0;0;0;58;0;63;42;80;62;0;12;58;79;81;67;90;60;18;0;0;43;0;35;31;100;42;96;33;30;37;0;0;90;61;0;17;0;35;61;25;61;48;28;94;47;50;59;29;69;88;93;93;79;26;19;78;42;44;76;65;98;56;97;25;100;23;61;26;49;71;64;68;52;32;58;49;84;70;33;97;52;87;26;28;53;70;61;62;32;16;46;17;43;81;52;61;91;50;91;40;13;18;0;7;40;71;31;49;31;26;10;21;48;61;88;33;66;15;31;20;61
30/08/2015;14707;;81;73;79;64;19;20;70;34;50;74;59;87;49;83;30;10;32;34;45;24;52;68;39;22;100;60;23;46;40;19;88;83;87;20;25;72;83;44;79;63;27;23;0;52;41;22;60;78;46;87;27;26;69;38;6;0;66;34;44;0;71;52;23;51;46;33;86;42;59;27;17;52;100;9;61;49;42;54;80;64;96;73;94;88;25;9;64;26;56;37;38;82;36;87;34;0;0;47;0;38;47;87;71;59;27;27;14;62;41;91;59;80;47;8;0;18;7;96;61;100;43;85;52;0;53;0;0;0;52;0;27;66;94;59;0;83;72;69;90;63;100;25;0;35;0;36;24;0;46;48;78;0;0;51;0;59;74;60;37;27;0;0;0;91;54;59;0;0;0;100;97;51;50;42;0;88;0;17;54;81;81;61;84;71;18;0;24;29;52;0;44;85;35;83;39;15;0;0;0;46;53;46;17;33;100;50;61;50;54;59;88;48;63;0;29;71;75;56;91;75;29;16;94;31;53;55;57;92;50;90;32;20;71;22;66;45;58;44;77;28;100;66;25;73;67;79;93;20;92;26;23;57;56;67;63;100;14;57;44;62;39;79;66;99;53;81;39;31;37;0;7;28;67;0;25;21;100;20;54;58;0;86;57;94;31;32;54;41
06/09/2015;22854;;75;65;80;97;35;39;60;34;45;65;85;82;47;80;58;15;21;13;67;82;81;29;100;44;70;54;34;36;47;38;82;49;59;20;6;48;74;34;100;100;17;23;56;26;41;0;72;80;33;79;53;51;68;0;6;0;65;34;44;27;60;58;81;67;41;33;81;41;96;36;11;61;25;4;0;55;0;63;39;72;66;72;81;40;35;0;25;39;69;48;29;78;27;79;56;0;40;100;0;54;0;80;57;76;19;27;71;49;38;82;36;61;62;8;34;9;39;46;68;92;43;84;45;22;51;42;32;0;45;0;26;51;100;43;14;57;25;100;82;53;77;48;0;17;0;0;41;50;58;61;68;0;71;72;33;42;63;51;15;100;47;0;0;45;44;92;47;0;29;0;37;0;54;100;78;98;0;24;24;74;48;59;79;82;35;0;34;0;40;70;39;93;28;78;43;20;0;0;48;0;56;44;42;32;53;45;67;24;36;57;80;46;61;58;0;52;74;73;85;87;39;16;53;34;38;56;62;89;46;84;49;30;46;44;32;33;58;68;74;31;63;62;39;85;53;45;86;53;75;17;10;46;75;83;59;54;24;76;26;44;50;54;73;90;48;75;50;9;68;0;4;42;72;33;51;21;77;25;65;50;32;77;23;60;16;22;33;49
13/09/2015;35195;;67;92;68;66;45;29;35;34;35;65;68;76;45;86;32;13;21;53;45;35;64;58;45;51;67;54;23;46;52;38;89;50;85;14;22;46;62;34;88;37;31;34;37;25;27;22;53;77;38;87;26;25;54;0;5;50;66;0;0;0;99;54;57;33;52;0;89;81;92;35;11;70;24;4;0;56;41;0;77;27;68;41;70;57;30;9;63;26;27;24;23;79;24;86;22;0;40;61;0;59;31;87;66;68;26;26;14;62;42;75;41;59;57;22;100;12;25;59;60;68;36;87;56;43;24;0;0;43;54;0;50;0;77;54;14;44;56;32;92;49;75;17;0;16;0;68;49;97;72;68;80;26;72;42;65;41;74;39;28;0;0;0;0;0;23;61;47;66;100;0;73;0;42;29;0;64;0;20;59;86;89;78;68;35;21;53;22;27;38;34;39;76;32;84;26;9;0;0;0;42;50;42;63;0;59;42;64;69;44;54;90;89;60;0;0;79;69;87;85;91;47;11;76;36;25;56;56;90;39;92;31;20;58;13;13;56;58;39;74;34;66;60;46;59;64;39;93;53;96;22;19;57;57;66;89;91;35;29;52;35;100;64;62;79;51;85;35;13;31;25;9;28;75;32;88;32;72;50;32;50;0;84;0;91;16;17;54;49
20/09/2015;36589;;68;86;71;51;100;92;47;64;59;44;77;81;42;95;35;12;100;48;40;56;62;57;73;26;67;53;53;43;100;34;100;19;100;16;10;85;100;50;66;65;84;40;86;0;31;51;66;82;37;97;34;29;47;0;13;59;39;0;25;31;92;61;79;58;100;38;100;47;77;20;22;59;29;5;0;36;0;100;46;32;61;73;44;41;100;11;60;0;82;28;35;61;29;96;22;0;36;91;51;100;0;100;47;100;40;32;17;58;28;40;77;51;96;0;0;14;36;34;100;69;25;97;59;24;19;0;0;0;34;0;0;28;55;45;16;100;100;0;100;35;89;13;24;19;0;41;53;0;30;36;93;33;87;36;39;50;88;22;22;30;0;0;0;0;43;45;0;78;70;0;100;0;36;47;0;61;82;22;55;100;88;77;61;79;51;64;66;33;46;0;29;54;21;95;31;11;0;41;0;51;34;0;19;37;61;54;29;42;100;65;100;0;100;0;33;28;59;80;87;70;100;15;70;37;54;55;58;77;41;96;31;23;13;35;15;50;45;81;80;38;46;64;47;48;100;38;99;37;100;37;26;43;72;100;77;68;100;33;41;41;39;37;87;80;47;90;43;0;42;89;8;32;61;37;58;25;74;23;100;100;0;91;53;100;54;23;48;48
27/09/2015;27851;;71;84;84;62;49;52;48;21;48;70;63;75;41;94;36;17;0;14;24;32;75;41;54;63;61;55;39;42;47;52;88;71;84;0;15;72;67;100;23;54;57;37;0;0;59;24;51;55;32;100;31;41;59;0;15;0;57;0;35;29;22;64;74;36;35;36;86;44;41;0;15;22;52;5;0;42;0;34;42;38;61;44;71;55;16;10;27;28;59;25;14;66;21;100;12;0;21;41;46;57;33;85;67;50;32;0;60;63;42;84;63;51;53;0;0;16;31;59;59;64;20;100;39;21;16;40;0;0;42;72;25;24;0;45;0;87;62;32;87;69;60;11;21;56;0;33;53;100;57;100;91;0;0;59;32;34;82;53;19;24;0;0;0;44;40;54;30;0;28;0;54;0;93;19;0;57;100;26;45;79;54;23;55;90;50;57;24;30;21;37;23;61;24;95;11;0;38;0;76;46;45;46;26;33;37;42;43;25;43;0;88;48;60;0;29;67;61;74;73;69;54;9;50;48;31;68;47;69;27;100;27;21;30;46;27;29;50;56;45;71;21;60;45;58;56;58;87;28;62;13;12;37;49;48;55;60;34;42;29;39;43;56;61;71;39;96;32;10;14;28;10;0;65;54;56;23;55;50;24;78;0;83;38;55;17;19;41;40
04/10/2015;34937;3779;55;54;62;39;51;20;52;31;42;68;58;64;37;95;42;11;44;42;70;25;43;71;58;46;45;59;36;38;52;30;90;34;63;0;6;92;81;62;60;59;67;0;60;54;72;47;46;69;26;98;41;41;29;39;0;54;40;36;46;0;32;68;73;35;56;35;93;43;77;0;9;32;0;5;0;55;88;67;42;19;46;55;51;31;21;0;0;28;30;25;30;69;17;99;24;72;21;33;0;52;66;89;64;59;28;43;30;49;35;68;68;43;43;7;32;24;43;29;46;83;27;98;74;64;32;0;0;41;43;0;0;72;38;62;13;43;65;79;96;51;49;17;41;24;0;62;17;0;63;71;83;50;0;28;30;77;83;67;18;0;0;81;0;0;47;63;0;0;0;0;17;0;22;46;0;73;0;28;34;82;63;38;74;57;60;0;48;44;83;0;29;86;22;95;28;26;0;37;0;0;49;46;61;100;18;57;44;38;49;29;87;0;80;0;30;73;70;47;73;77;49;10;43;49;62;51;46;78;27;99;23;41;65;36;26;28;53;91;42;63;20;69;37;67;53;46;94;34;70;6;12;39;43;56;50;55;28;42;29;68;68;40;62;68;34;96;38;0;41;28;10;46;54;36;28;23;25;33;72;46;0;84;51;40;17;17;59;59
11/10/2015;45621;1244;70;87;64;79;39;20;60;49;50;45;56;69;34;100;39;9;21;34;79;24;64;68;45;37;40;64;32;62;63;29;95;74;66;0;0;72;62;35;44;64;44;12;39;66;42;34;55;65;24;96;34;26;42;0;9;0;52;70;45;0;21;49;47;0;33;0;94;0;75;0;6;21;26;7;63;35;43;43;0;65;69;75;73;60;47;0;26;0;0;25;19;68;19;98;20;0;42;0;45;43;0;90;59;51;8;0;22;64;32;59;57;50;40;6;0;11;21;51;77;72;25;92;67;18;28;0;66;36;42;31;43;42;65;55;23;47;59;27;95;38;78;20;0;41;0;31;63;0;51;67;80;0;0;39;93;46;90;73;14;23;0;0;0;56;62;54;0;0;0;0;52;0;61;46;0;80;0;26;29;83;73;44;75;67;19;0;20;0;26;30;36;64;29;92;33;13;31;0;0;0;52;38;29;55;30;53;86;0;43;73;93;40;79;0;0;67;72;59;65;74;42;6;59;36;46;41;55;72;23;99;27;20;46;44;19;44;51;61;84;92;41;65;36;49;53;61;94;20;69;11;7;30;52;43;63;74;30;0;29;68;55;59;60;75;30;98;32;15;41;28;16;93;67;36;28;93;50;22;95;44;0;92;51;43;17;22;28;51
18/10/2015;55454;1399;76;80;100;67;71;44;90;57;72;22;58;81;33;89;27;7;19;36;50;42;83;26;65;40;39;60;38;29;45;26;98;66;76;12;5;48;43;19;57;68;100;23;37;38;27;44;45;52;19;91;31;25;41;0;6;51;35;100;32;27;40;61;46;100;39;0;93;0;92;0;14;61;49;9;0;31;41;42;39;72;57;72;92;40;35;0;25;0;28;24;13;64;17;89;23;0;50;31;0;33;31;90;55;75;15;0;42;63;22;81;53;93;79;0;24;18;23;22;46;74;20;81;62;32;36;30;0;31;36;0;47;36;50;60;20;49;62;24;82;61;45;17;16;36;0;60;42;0;33;58;76;0;0;54;30;75;69;49;16;56;0;0;0;27;49;46;28;0;0;84;75;89;27;18;70;82;0;29;63;81;84;62;86;56;44;42;17;22;46;27;39;89;16;88;19;0;0;27;0;0;40;34;63;49;27;57;64;18;28;0;95;0;86;0;22;49;69;63;92;61;59;8;52;43;45;47;43;83;21;92;20;39;62;34;25;38;46;66;87;69;45;61;39;35;48;60;97;26;84;5;7;38;55;68;45;50;58;20;19;67;67;31;55;67;30;94;24;10;20;27;4;30;50;35;27;92;20;43;47;37;0;94;25;82;17;13;36;52
25/10/2015;48371;1265;57;89;70;70;32;18;28;42;52;27;54;68;30;92;25;12;0;13;42;22;82;64;68;42;35;59;28;22;42;36;96;54;95;26;11;68;63;26;52;78;30;36;78;0;100;0;49;55;28;94;23;27;0;39;6;0;36;35;34;28;31;68;24;0;26;0;95;86;79;18;23;32;50;4;0;39;42;85;40;36;49;62;71;52;50;0;25;52;28;0;30;73;16;91;27;0;81;62;0;50;31;95;51;78;8;0;50;52;30;68;44;48;75;6;27;13;33;60;45;61;21;85;32;52;13;0;0;0;32;0;41;30;54;64;22;71;54;77;86;41;71;19;0;26;0;0;41;50;33;55;83;0;0;30;100;42;86;54;10;24;0;0;0;0;46;54;32;0;29;0;83;100;72;79;0;65;0;22;60;82;87;60;88;78;36;0;68;0;22;26;39;84;21;87;20;0;0;27;0;65;40;0;49;24;20;57;19;36;32;0;100;34;96;43;0;45;66;63;99;91;41;10;58;41;52;44;48;83;22;97;18;21;60;36;27;23;43;59;68;44;36;65;36;50;53;51;100;41;98;10;5;31;48;89;34;55;18;23;21;42;40;21;50;77;26;100;20;0;15;31;6;100;44;78;30;0;16;24;52;55;0;98;0;37;38;12;30;46
01/11/2015;37585;1446;62;56;71;52;14;19;39;29;39;60;40;62;27;91;29;4;0;59;33;12;62;57;54;29;26;65;29;13;46;19;92;40;79;0;6;41;65;34;81;43;16;17;37;0;54;43;30;82;17;93;20;25;27;37;11;0;58;33;22;26;30;63;23;0;34;33;89;0;60;0;8;30;24;0;60;65;82;31;39;36;74;61;92;69;30;9;0;39;28;24;20;67;13;92;15;0;40;46;86;65;46;93;55;61;7;0;21;55;23;64;70;77;56;0;0;7;25;72;60;55;21;82;44;43;13;0;25;0;74;29;20;49;39;58;33;44;50;39;81;39;60;0;17;26;0;29;56;44;66;64;81;0;0;26;29;24;82;39;7;0;0;0;0;26;31;48;41;0;0;0;40;0;26;52;0;75;59;17;64;78;68;57;85;60;14;0;18;22;39;27;36;70;17;86;8;8;28;0;38;0;84;0;26;25;14;55;45;46;45;54;90;36;71;0;22;47;77;49;90;49;24;6;38;43;28;50;45;77;19;92;20;0;24;32;33;29;73;48;94;60;36;63;42;64;58;63;92;34;76;3;8;36;52;63;40;56;6;0;21;33;68;49;20;65;15;98;12;11;15;0;4;68;67;0;62;52;22;18;27;61;39;99;28;61;19;4;41;54
08/11/2015;30760;1071;57;62;75;100;10;39;35;29;44;20;33;66;31;89;21;10;41;47;22;23;23;38;44;36;24;58;31;19;53;67;93;65;82;0;17;71;69;14;73;43;20;11;37;25;27;43;35;73;16;91;12;50;27;36;8;50;36;0;21;26;0;58;22;33;36;32;90;40;80;0;0;60;38;5;0;49;0;32;0;37;61;73;72;76;25;0;26;0;28;25;30;70;14;88;8;0;41;16;88;40;0;93;41;59;0;0;43;55;23;51;71;53;27;6;0;17;52;23;40;89;24;79;32;35;32;48;0;33;54;29;20;40;23;56;32;26;50;25;83;54;59;14;0;19;0;0;22;0;62;72;79;0;0;72;56;42;100;54;13;0;40;0;0;51;44;48;0;0;0;0;32;64;36;52;0;67;0;18;61;85;79;69;100;53;27;0;0;0;39;55;32;87;23;86;34;0;28;0;38;34;46;35;26;37;14;60;52;28;41;22;93;36;53;0;22;36;83;62;83;93;24;10;41;51;56;62;41;79;19;90;25;62;42;27;27;23;45;55;81;45;26;67;38;57;49;63;93;41;82;7;9;43;47;34;35;41;4;23;21;86;34;18;17;58;18;94;9;0;23;31;11;34;38;39;31;52;28;12;53;52;39;90;28;32;38;7;30;61
15/11/2015;29325;124;56;58;65;79;14;19;54;53;44;16;29;63;28;91;27;9;41;40;44;40;34;38;60;65;21;60;48;19;47;47;95;16;55;0;5;34;66;29;70;85;19;11;0;25;54;0;22;67;17;92;9;50;53;0;5;50;29;0;21;66;59;50;45;66;27;32;95;40;45;17;11;20;24;9;59;55;41;41;58;70;45;60;65;73;29;9;50;38;68;0;23;72;25;86;11;0;39;30;42;42;30;89;42;69;0;0;28;64;37;90;75;75;40;0;26;7;37;47;57;66;20;78;53;17;19;0;25;100;46;29;60;39;30;51;32;69;36;76;85;37;48;27;17;45;0;82;39;0;60;70;73;22;59;35;0;58;95;75;26;41;38;0;0;24;38;45;26;0;24;0;38;0;30;41;63;76;0;25;63;83;97;62;61;52;24;0;35;22;31;27;35;68;21;82;23;0;28;0;0;34;33;34;32;49;40;55;84;19;47;44;97;0;71;0;22;44;87;60;94;91;33;10;39;40;49;48;39;79;21;91;17;20;70;35;13;39;40;36;76;71;39;67;42;46;53;72;95;46;73;7;4;43;42;29;35;61;7;23;21;43;27;43;16;57;17;94;12;0;45;0;0;0;36;59;31;51;11;24;26;33;38;95;28;32;0;10;45;42
22/11/2015;15111;500;59;64;66;61;21;0;28;45;37;23;32;62;26;89;22;7;59;50;62;27;32;36;41;54;15;66;26;33;43;80;94;99;71;12;0;69;73;27;49;75;31;16;0;0;0;41;31;58;17;87;12;47;25;0;5;47;36;0;40;25;28;59;21;0;40;30;90;0;59;16;0;38;22;4;55;56;0;48;72;16;74;56;88;100;64;17;47;24;25;66;24;78;18;87;31;0;55;56;0;47;28;88;42;45;7;0;39;50;28;43;81;40;42;6;26;6;36;0;61;50;22;81;99;17;32;0;0;33;41;28;59;38;60;44;21;69;52;37;82;42;39;9;16;38;0;0;24;0;51;47;75;0;60;55;68;35;82;63;18;42;38;0;0;0;45;49;26;0;0;0;23;0;55;58;0;77;0;30;46;85;100;49;58;50;48;0;17;52;29;0;32;71;25;81;40;11;53;0;36;0;43;64;0;35;32;56;37;18;37;31;93;0;73;0;21;40;80;53;70;89;42;9;35;40;50;35;42;67;21;87;36;0;38;58;12;37;45;68;82;38;30;62;36;49;52;58;93;25;67;4;5;36;44;27;39;62;9;44;20;20;39;25;16;48;13;96;13;10;14;0;4;0;43;0;72;24;21;46;25;29;0;100;26;69;0;6;43;54
29/11/2015;24912;1770;54;38;71;78;10;19;19;19;53;12;27;61;28;90;13;9;20;20;22;17;17;37;54;29;16;60;54;22;31;47;92;56;64;26;5;50;67;34;42;55;15;23;0;50;54;43;35;61;20;89;18;25;40;36;5;50;50;33;32;26;39;74;56;66;29;97;88;0;43;26;0;30;46;4;0;35;38;19;36;25;59;76;75;53;23;0;47;0;0;22;21;74;21;87;28;0;19;14;0;46;58;88;39;43;7;0;79;53;34;55;58;76;63;6;26;13;32;47;57;57;18;78;44;17;26;0;0;34;35;0;100;39;38;50;11;78;36;76;85;39;62;9;0;32;0;28;37;0;37;66;70;0;60;35;55;53;70;74;24;0;39;0;0;38;48;54;0;0;24;78;54;42;71;50;0;83;57;22;43;82;67;65;68;90;68;0;17;73;22;39;38;75;18;80;28;11;27;0;36;33;46;0;12;23;32;50;31;27;31;21;90;0;55;0;0;53;80;47;70;64;25;11;45;50;44;35;43;66;22;88;21;60;0;53;32;22;39;50;71;56;25;62;44;68;50;45;91;40;68;4;3;41;47;24;35;56;3;46;21;0;34;13;15;47;15;94;8;0;30;0;0;0;38;0;31;0;33;24;52;40;77;93;56;54;0;3;51;59
06/12/2015;25167;2700;56;46;60;64;10;19;39;38;73;8;25;63;26;86;13;11;20;46;43;23;62;19;43;57;26;57;43;25;41;75;92;48;68;13;0;72;81;14;61;48;24;0;72;37;52;21;28;56;16;83;10;24;52;0;5;49;36;0;31;0;38;54;77;0;24;32;87;78;72;17;8;49;44;0;0;50;55;28;35;32;56;27;52;66;26;0;0;0;0;21;17;72;23;85;23;0;18;41;0;46;27;84;52;40;17;24;38;58;28;54;49;28;47;6;51;13;58;23;43;47;17;79;52;17;19;32;0;33;46;0;0;38;22;56;37;93;54;25;78;27;38;13;0;19;0;84;45;42;54;78;73;22;0;45;0;29;87;52;29;0;0;0;0;24;32;56;39;54;0;0;46;41;30;57;63;79;55;21;63;87;81;81;62;97;10;0;33;52;22;0;39;68;27;82;30;11;27;0;36;33;41;32;55;58;39;59;37;26;40;41;87;0;59;43;0;61;88;51;89;77;23;13;50;64;42;53;38;76;21;86;19;0;40;34;25;38;40;35;70;52;30;62;29;54;56;71;88;72;56;8;4;48;37;28;68;74;4;0;0;42;13;21;15;41;18;93;8;0;15;0;8;33;39;39;0;25;27;47;26;41;0;91;55;44;0;6;35;44
13/12/2015;21107;807;62;40;57;46;14;0;39;9;39;8;27;57;27;86;10;6;41;52;43;23;28;37;43;35;21;61;37;22;51;46;91;24;58;0;0;78;74;47;52;42;11;0;37;25;26;32;17;45;23;84;17;25;27;0;0;50;46;0;32;52;0;58;89;97;29;65;91;39;62;17;5;30;0;4;55;44;77;29;36;33;76;28;55;58;37;9;24;24;38;0;21;66;20;84;28;0;37;21;0;51;0;82;67;51;0;25;39;66;31;40;67;71;40;0;26;7;28;36;58;48;25;78;51;0;26;0;25;34;43;29;31;49;39;53;11;44;37;0;86;53;20;0;0;20;0;28;26;0;37;60;75;23;60;31;70;30;80;49;38;21;0;0;0;25;31;53;27;0;37;0;55;63;20;17;0;69;0;20;64;79;96;53;68;89;38;0;33;41;44;26;40;65;21;77;31;7;26;26;35;32;48;0;48;69;25;61;36;52;35;41;89;0;52;0;21;47;100;56;70;75;27;14;51;48;37;30;37;68;25;84;21;20;17;44;13;39;51;40;59;87;25;69;33;56;52;67;87;100;63;3;5;44;30;24;48;86;5;69;42;32;27;17;16;57;15;92;5;0;15;0;4;0;29;39;61;26;11;30;26;67;0;92;0;76;0;6;15;53
20/12/2015;24977;2129;65;33;48;83;10;0;9;39;27;15;24;54;26;81;10;7;19;30;20;37;52;34;30;52;10;60;27;26;35;52;83;44;70;0;0;91;83;24;53;74;16;23;74;25;27;32;18;46;22;82;11;25;27;0;8;0;40;0;43;26;30;58;45;33;29;0;87;40;86;0;0;30;0;4;0;43;40;0;38;35;60;69;43;78;14;0;0;37;27;46;32;68;21;82;15;0;20;30;0;35;0;86;47;51;14;26;68;73;29;100;100;83;32;9;53;7;40;0;28;55;25;76;48;17;26;49;25;34;37;29;61;69;16;53;38;71;37;26;85;24;51;0;34;39;0;28;28;0;37;49;75;0;0;40;55;47;100;79;28;21;39;74;0;25;41;51;27;0;0;0;70;41;30;25;0;88;0;19;53;73;77;43;56;67;46;61;17;42;37;52;45;54;20;77;14;15;0;53;0;0;43;33;25;35;39;55;37;27;41;62;87;0;67;43;0;45;80;70;78;83;26;11;42;52;33;34;35;75;23;85;20;20;29;35;26;33;37;43;56;71;37;71;35;36;51;28;89;80;65;7;6;40;52;47;46;25;3;35;21;86;20;22;11;37;17;91;6;0;15;0;4;34;34;59;31;0;22;18;53;44;0;91;27;35;0;13;55;56
27/12/2015;17189;1246;54;48;62;87;23;18;32;22;41;11;22;48;25;78;13;19;19;37;31;22;16;35;56;67;12;74;25;21;34;53;81;30;55;0;10;72;61;36;40;46;15;16;35;36;25;0;27;56;23;79;6;24;51;0;8;95;24;0;20;37;37;71;43;31;42;0;77;0;59;0;0;47;22;4;0;24;73;56;52;16;75;64;62;61;79;0;22;23;37;42;25;66;14;76;20;0;18;27;57;43;27;78;57;74;13;0;44;72;33;18;60;32;100;5;36;15;23;0;62;61;23;74;73;24;0;0;23;0;31;0;55;45;28;62;15;48;31;23;71;39;60;8;0;12;0;24;29;37;23;33;67;0;100;52;23;25;83;52;24;0;0;0;0;65;33;59;23;0;20;0;20;35;60;43;0;77;0;58;79;72;71;47;64;71;54;0;24;41;29;25;35;62;24;75;31;7;26;38;0;0;28;31;36;23;56;59;30;34;37;41;81;0;60;0;20;24;80;65;66;100;52;8;55;37;49;19;38;65;22;82;18;21;24;59;46;34;27;55;57;67;29;75;39;40;49;46;86;48;60;6;5;39;32;19;29;94;8;45;21;31;26;9;12;36;15;87;6;11;22;30;4;33;22;39;30;25;22;18;0;32;0;86;27;28;19;6;79;59
03/01/2016;12648;0;64;43;42;66;17;36;41;45;41;19;28;49;28;68;15;11;58;43;31;33;37;35;36;74;17;56;43;42;27;18;63;68;58;0;10;47;59;18;16;42;23;0;56;29;20;33;19;42;21;66;11;38;40;28;10;38;31;25;32;20;30;72;34;25;20;24;56;0;52;27;6;38;19;7;46;44;32;16;30;90;66;55;62;40;53;0;19;40;0;18;25;64;19;70;17;0;15;47;67;35;24;57;52;48;9;0;60;67;37;37;65;35;73;5;22;17;27;20;40;49;20;68;46;29;11;0;0;57;28;25;43;33;46;48;19;67;43;22;59;65;55;8;0;22;0;0;28;25;25;68;58;13;0;54;33;17;94;54;20;19;0;0;0;30;18;43;31;0;0;0;28;25;69;44;0;73;33;43;68;48;76;66;38;60;55;0;31;49;28;24;32;52;20;64;17;7;0;25;34;0;39;61;23;66;73;56;58;33;12;19;62;32;50;0;0;57;94;65;65;49;40;14;49;59;54;35;42;63;21;74;20;44;32;38;42;30;42;51;61;71;39;63;47;39;37;79;71;94;54;9;3;38;51;27;24;66;8;38;43;44;44;32;13;49;20;74;7;9;24;0;11;0;39;32;62;42;9;10;0;28;62;64;45;36;15;7;49;53
10/01/2016;12578;1058;67;43;54;32;15;18;36;40;23;33;19;51;30;69;15;5;57;55;20;0;32;35;35;100;10;59;33;24;30;44;67;52;53;12;5;76;79;18;43;42;23;17;42;29;41;25;23;44;20;67;10;19;41;0;4;38;38;0;16;20;75;52;77;50;22;25;59;31;56;0;4;61;36;3;44;38;61;15;29;86;44;23;38;42;77;0;18;94;41;18;29;59;22;68;11;0;15;34;0;27;23;58;35;45;11;20;62;64;31;37;46;40;64;0;22;23;32;41;45;49;23;68;38;30;0;0;21;29;31;25;26;34;13;50;42;45;33;44;60;37;39;16;0;11;0;57;29;0;34;65;54;13;0;50;63;44;66;72;26;12;23;0;0;36;30;44;23;0;0;0;54;24;50;53;0;57;33;45;44;52;82;43;61;30;57;0;37;74;26;34;42;54;16;60;19;13;0;23;0;29;38;57;16;21;34;48;33;31;26;37;61;0;59;38;18;39;92;50;63;65;40;8;42;57;64;44;35;60;23;73;21;32;49;23;34;18;39;61;60;92;33;58;36;45;43;60;74;71;55;8;4;42;42;38;30;82;8;37;17;52;22;39;11;42;20;72;7;0;12;0;0;27;44;48;99;62;18;34;0;38;62;60;22;44;15;7;45;45
17/01/2016;13652;527;53;33;51;53;23;17;39;17;53;18;24;49;27;68;12;5;56;47;39;21;15;0;54;39;21;66;28;29;31;59;67;43;70;0;5;65;56;22;30;57;39;18;29;20;21;17;26;50;22;71;14;59;63;0;9;39;25;39;50;21;100;68;18;0;14;51;62;32;76;0;4;47;0;9;0;22;58;15;68;38;40;22;44;48;90;6;18;27;39;25;26;51;19;69;24;0;28;27;30;17;22;62;59;46;10;19;35;55;42;36;43;34;62;5;0;6;27;20;37;50;20;68;42;14;0;0;0;28;25;48;50;16;32;63;31;51;58;32;63;49;63;19;14;38;0;45;39;27;38;41;62;0;78;26;18;23;68;53;29;14;0;0;0;0;18;50;17;0;16;0;20;27;43;76;0;68;37;57;54;55;70;65;43;43;73;0;36;27;26;0;40;62;22;64;22;6;23;34;31;28;38;56;16;40;45;58;32;31;26;90;65;30;65;0;27;54;79;64;63;69;60;12;42;59;56;40;34;58;23;74;19;22;49;23;14;47;33;57;57;53;39;65;29;49;49;54;76;78;72;8;3;38;46;35;32;41;9;37;17;17;22;25;16;36;21;74;6;9;18;100;5;28;33;0;37;42;22;44;21;27;62;64;23;52;16;6;37;69
24/01/2016;14888;3466;52;40;53;46;18;0;37;41;42;45;22;53;29;72;14;16;19;100;31;33;27;35;46;27;10;61;20;24;32;54;70;69;81;13;5;36;31;16;29;15;28;9;31;85;34;36;20;39;27;73;8;21;22;46;52;42;33;0;36;22;33;70;93;0;21;0;65;67;100;0;5;50;29;55;0;31;65;25;31;43;62;41;44;64;59;0;50;62;22;19;17;50;26;74;12;0;24;25;34;28;25;64;46;60;9;21;34;54;30;25;49;68;74;0;47;57;40;42;38;68;37;71;51;15;12;29;22;30;35;39;45;52;55;56;19;86;35;34;60;48;35;8;15;58;0;54;52;0;37;38;65;73;38;39;35;26;73;51;30;13;0;47;0;32;28;42;17;0;31;0;25;27;74;59;0;77;0;38;64;58;62;43;50;59;75;0;37;28;33;57;42;57;29;66;25;0;24;23;0;58;32;43;27;52;40;61;49;16;29;0;70;30;66;38;0;51;77;65;65;59;33;20;63;45;41;39;34;71;23;76;18;0;39;34;50;31;33;56;76;34;44;68;37;40;48;87;76;15;70;9;3;39;36;29;34;70;6;20;18;46;35;53;15;45;20;78;7;0;32;0;43;0;34;34;53;22;14;68;0;40;100;65;96;80;49;8;53;79
31/01/2016;9626;848;48;44;47;40;15;0;51;18;28;19;22;51;31;71;14;12;29;25;41;16;22;36;41;41;27;62;35;15;33;36;73;30;81;12;0;56;53;15;25;64;18;0;30;40;54;52;31;40;20;72;5;20;21;29;4;0;24;26;51;42;31;70;72;26;47;0;63;32;80;42;0;48;38;3;46;39;0;32;45;41;55;24;65;49;31;0;78;20;53;28;18;58;20;72;9;0;16;18;0;33;48;62;54;54;9;0;49;61;27;37;32;49;47;0;33;100;69;100;63;73;75;63;53;36;16;0;0;28;38;61;68;41;58;55;27;52;33;21;56;42;45;8;0;76;0;40;51;30;52;51;62;0;0;18;20;29;62;42;29;22;0;0;0;18;32;47;19;0;17;0;28;30;39;24;46;100;0;43;51;55;69;46;48;43;39;0;29;53;38;22;41;61;27;66;19;6;0;0;0;0;40;28;42;50;39;63;42;23;29;18;68;29;72;37;18;57;77;61;59;72;34;15;51;43;41;32;38;71;25;75;16;32;75;24;28;48;35;42;60;66;36;61;43;42;57;60;76;85;74;3;7;32;47;35;30;70;7;19;0;26;33;14;17;34;15;77;6;9;12;0;4;27;28;0;50;42;36;40;22;34;63;68;23;75;15;10;83;51
07/02/2016;8584;93;55;50;58;36;16;27;27;31;50;37;21;52;31;71;12;11;0;49;51;16;21;71;31;27;25;67;29;27;24;26;66;23;69;0;5;47;61;11;50;63;23;9;58;30;21;34;19;41;20;70;8;30;32;0;9;79;35;0;34;42;46;58;35;26;27;51;59;95;85;0;9;39;39;5;48;42;0;33;63;100;38;41;47;37;28;0;30;61;89;19;33;61;16;72;21;0;48;18;35;32;25;57;55;59;12;0;28;59;35;31;31;61;48;0;22;60;100;61;41;77;53;60;52;15;22;0;21;0;47;75;26;34;46;57;9;38;48;44;57;51;56;8;22;45;0;28;34;29;43;65;56;0;0;38;65;16;74;55;28;0;26;0;0;17;20;43;54;0;25;0;26;0;68;34;44;64;39;37;74;55;71;48;57;45;23;0;30;19;13;45;33;58;22;63;25;10;0;35;0;29;47;0;16;62;46;59;38;23;31;18;64;30;61;0;0;42;76;35;66;65;38;11;62;65;44;53;32;68;25;74;17;22;26;29;29;31;39;47;51;68;57;68;29;54;51;92;72;73;71;8;6;46;50;22;38;32;6;0;100;51;32;31;14;42;21;72;6;9;12;24;3;0;22;31;36;41;9;19;41;27;0;62;22;32;15;8;40;64
14/02/2016;17662;828;47;43;59;53;14;19;43;28;62;43;35;53;35;73;17;11;40;39;21;11;17;37;74;21;33;69;36;28;30;46;66;39;77;0;0;68;60;30;30;24;14;18;87;19;31;33;25;59;18;73;12;49;63;0;11;0;27;26;100;0;38;55;70;0;28;0;60;0;44;27;4;78;69;0;0;33;33;34;32;36;56;33;39;46;60;0;20;0;33;38;15;59;24;78;24;0;24;25;35;23;25;54;46;56;9;22;34;60;35;38;70;67;49;5;23;96;65;21;55;59;52;68;42;15;0;0;22;30;29;64;53;26;13;56;10;69;32;56;58;54;42;12;0;74;0;45;34;0;31;63;62;29;38;35;26;22;83;52;20;0;0;0;0;16;33;50;17;0;15;50;49;40;51;37;0;68;73;31;65;52;90;48;55;42;32;0;15;28;26;23;25;63;21;66;18;13;24;24;0;29;36;58;60;0;23;58;55;16;27;19;65;30;59;0;0;59;75;52;61;63;37;10;40;51;47;60;36;66;23;78;28;0;19;24;29;43;39;55;87;54;30;66;30;72;46;92;72;37;74;7;6;38;53;31;37;53;7;28;17;43;11;31;20;47;18;77;11;9;12;0;3;0;32;0;49;52;31;48;0;26;0;63;22;69;15;4;56;61
21/02/2016;15732;2024;43;45;47;63;14;0;30;63;35;28;28;55;36;70;16;10;21;40;0;29;17;19;55;36;13;61;40;23;32;48;70;33;73;0;0;62;60;0;37;25;25;18;59;40;43;35;30;41;18;72;15;30;22;0;9;0;30;0;52;21;47;62;18;27;36;0;62;98;62;0;0;40;0;4;0;45;33;17;32;51;44;25;44;46;40;0;41;63;33;0;20;61;24;70;18;0;16;25;35;30;25;60;64;66;9;0;40;68;30;48;25;56;28;0;23;78;43;51;45;55;27;65;50;22;17;42;21;29;39;25;87;42;39;50;37;30;48;44;62;50;34;16;29;56;0;26;35;27;29;38;56;14;37;38;43;33;84;49;28;26;24;0;0;47;24;47;33;69;15;0;34;39;44;47;0;62;0;27;44;53;76;43;53;44;37;0;15;28;52;0;34;57;22;63;11;10;0;70;0;0;36;29;27;41;17;66;49;39;30;46;64;0;68;0;19;48;67;74;61;58;33;12;62;69;38;39;36;68;22;73;20;22;25;53;35;24;37;39;100;64;33;69;34;50;47;61;73;22;78;10;7;29;35;23;48;28;4;18;0;52;11;14;16;51;17;76;7;13;0;25;3;27;32;0;37;21;31;34;42;28;31;60;22;43;0;10;45;64
28/02/2016;12025;120;49;59;52;52;20;19;29;57;43;20;29;50;36;71;12;8;0;52;0;28;62;0;38;43;21;60;37;28;38;37;68;56;68;13;5;45;60;11;30;29;17;9;58;20;31;34;20;37;17;67;8;29;31;0;4;39;31;0;33;31;38;50;53;64;21;25;63;0;58;14;4;63;29;9;48;41;32;16;0;50;52;97;47;50;55;0;0;21;22;19;26;66;23;69;15;53;32;24;34;32;25;58;62;56;15;0;33;66;25;52;49;31;47;0;23;18;24;42;29;65;28;64;17;23;11;0;0;0;33;26;36;17;20;55;19;46;39;23;60;39;22;0;0;57;0;35;30;53;48;43;57;0;0;45;17;30;87;50;25;40;25;0;0;16;27;41;17;35;15;0;39;52;67;37;0;73;0;28;55;53;75;44;52;45;44;0;23;38;40;0;39;68;17;63;11;23;24;47;32;30;38;44;22;53;12;57;61;64;21;38;63;31;70;39;19;54;72;63;60;52;34;15;43;67;57;30;33;65;24;72;19;33;38;53;56;36;35;86;50;64;26;62;37;36;39;61;71;36;65;8;5;37;47;23;27;48;8;28;34;43;38;28;16;38;20;72;5;13;18;0;3;27;37;62;49;41;26;29;21;24;46;65;44;45;15;6;28;60
06/03/2016;11004;395;48;62;51;51;13;23;39;46;47;23;23;52;34;73;9;10;17;32;18;19;23;30;40;35;30;63;30;49;22;53;64;46;71;16;7;38;59;23;38;48;18;18;72;20;32;17;24;46;19;67;16;0;21;28;9;0;27;26;50;41;62;57;27;26;32;52;59;0;69;0;0;47;29;7;0;34;98;0;62;43;53;81;61;27;12;7;0;41;33;0;13;61;20;68;18;0;24;49;34;31;49;58;52;51;6;0;50;61;36;34;32;36;58;5;23;6;22;0;26;75;20;65;39;60;28;28;22;29;27;25;26;34;47;61;28;84;48;44;58;52;34;12;15;68;32;35;41;27;27;43;57;14;37;45;43;30;83;69;33;13;0;0;0;24;18;42;25;0;0;0;15;78;57;42;0;71;36;29;63;55;67;51;50;73;37;39;24;20;35;0;31;64;23;63;32;14;26;25;0;31;34;31;35;45;31;61;29;17;33;30;65;33;58;0;30;52;60;69;75;70;34;15;75;72;56;43;37;66;25;73;17;22;45;78;29;31;38;56;48;65;57;61;30;54;40;56;72;59;71;9;6;45;48;23;34;45;5;19;17;35;28;14;17;51;20;71;5;17;18;25;7;28;26;0;37;31;31;44;21;28;0;66;0;41;23;8;12;56
13/03/2016;4719;3603;45;41;37;55;16;0;23;35;46;27;25;44;28;78;21;10;14;35;22;27;26;63;36;19;42;65;29;30;24;57;61;43;79;0;4;48;36;14;39;64;24;13;41;19;40;16;21;52;19;70;13;28;30;27;6;37;34;37;32;20;29;67;50;25;20;0;66;0;53;13;4;22;63;5;45;27;91;31;43;60;49;38;60;34;44;7;37;38;0;0;10;60;19;73;17;0;37;11;64;21;23;62;61;41;11;0;36;57;37;29;38;43;26;0;42;5;30;38;48;57;21;69;31;28;16;0;40;28;35;23;25;32;38;58;9;50;27;52;63;66;41;7;0;26;31;34;35;25;33;46;60;0;36;58;33;18;74;46;23;19;23;44;30;22;19;65;16;0;15;47;28;25;57;30;0;59;0;32;43;48;45;34;31;59;55;0;45;28;39;23;35;66;22;66;34;10;0;35;0;0;41;72;38;52;97;60;33;39;27;19;68;61;50;38;0;43;57;53;58;79;33;12;48;55;43;40;41;63;23;77;34;43;25;52;35;42;39;100;52;43;73;65;31;39;39;90;75;50;63;9;3;37;37;29;31;58;8;26;16;16;10;26;15;49;19;79;13;8;23;23;7;26;27;30;58;39;38;9;20;27;29;64;0;51;15;9;50;58
20/03/2016;2884;1346;56;39;57;54;20;18;28;32;61;38;33;48;40;74;25;8;39;44;21;17;43;36;36;69;55;74;40;31;30;72;68;46;86;0;5;58;43;15;35;47;20;0;29;19;62;25;34;40;20;71;20;58;83;42;8;0;28;25;33;21;15;74;26;0;26;38;63;62;84;0;0;46;56;5;46;31;63;24;59;27;46;78;68;39;34;7;39;20;32;18;19;58;22;71;23;0;15;23;100;38;59;60;76;68;9;0;54;71;36;60;30;69;38;5;0;6;25;40;29;67;23;66;29;43;27;54;21;28;41;0;34;33;58;67;9;66;44;75;60;61;62;8;0;11;0;60;25;26;41;58;60;14;37;53;17;43;60;45;19;0;0;45;0;46;29;70;24;100;30;0;33;26;34;20;0;79;35;32;68;57;41;30;49;52;41;0;61;57;13;47;27;61;23;67;51;17;0;24;0;30;38;44;100;53;29;61;34;48;14;47;66;62;63;0;0;48;72;50;52;52;51;11;69;37;59;34;41;64;23;76;29;32;37;47;28;41;35;72;43;76;53;71;39;28;37;59;73;35;78;11;4;44;34;26;20;20;10;27;0;17;11;17;15;29;16;75;13;8;35;48;3;0;34;0;24;30;52;28;20;44;0;61;0;65;0;9;47;56
27/03/2016;2500;4338;60;41;47;38;16;17;35;55;26;39;33;50;42;72;24;9;18;47;29;15;51;34;73;38;23;71;39;26;26;75;65;100;73;24;0;70;50;23;31;35;22;14;0;82;44;44;23;41;21;68;10;30;32;89;7;40;27;0;52;43;40;61;36;67;27;26;60;33;74;0;13;32;40;4;0;36;34;34;48;73;33;33;51;70;45;7;0;32;0;20;21;56;24;66;34;0;25;13;35;20;0;59;69;54;9;0;29;62;37;35;60;26;19;0;23;6;31;21;35;62;26;64;36;23;17;29;0;59;49;38;36;17;41;68;9;46;52;45;58;33;65;16;15;34;0;0;26;27;42;63;54;0;0;57;26;37;80;50;30;13;25;0;0;47;31;47;17;35;30;0;39;0;51;32;0;78;0;28;53;55;51;41;60;70;25;0;32;20;28;24;46;47;24;63;38;14;25;25;0;62;33;31;29;100;31;54;47;42;24;20;67;32;62;81;40;45;74;62;55;43;26;15;68;54;19;45;45;60;24;71;22;0;19;48;56;48;32;70;50;98;48;68;33;25;39;79;72;87;74;11;6;37;40;27;26;50;4;19;17;17;28;21;19;34;22;72;11;27;18;51;4;0;34;32;75;21;9;20;21;19;0;66;0;57;16;7;37;68
03/04/2016;920;616;47;51;47;42;22;24;52;51;40;30;37;45;41;71;16;19;51;16;18;38;33;23;13;12;28;76;24;100;24;62;62;53;63;11;0;47;61;16;34;40;33;9;60;21;22;35;40;43;26;66;25;0;22;30;9;41;26;27;43;21;40;73;73;40;16;26;58;33;62;14;13;64;46;0;56;32;95;20;0;67;45;38;51;59;32;9;24;72;0;45;17;61;32;67;14;0;0;0;40;23;0;56;83;51;14;0;33;64;30;34;47;51;26;0;0;9;30;21;52;39;29;61;41;22;17;0;22;29;42;0;62;0;27;69;14;38;49;89;56;57;42;24;0;28;0;19;39;0;29;67;51;15;0;44;37;32;81;58;31;14;26;0;34;34;30;48;45;37;16;0;21;28;61;22;87;72;0;29;63;51;44;56;58;44;28;76;40;19;14;72;36;49;33;62;15;34;0;24;0;30;29;31;23;22;73;73;52;100;30;29;64;65;57;40;0;51;80;51;50;54;33;14;77;57;32;49;41;62;29;72;19;21;31;37;21;23;34;57;40;69;87;73;29;100;34;88;70;21;62;9;4;41;46;55;30;58;11;47;35;0;33;21;20;53;26;67;7;35;37;25;7;28;31;32;100;21;45;20;64;25;31;60;23;57;0;7;62;79
10/04/2016;446;5655;51;37;54;37;37;16;36;40;61;13;36;47;39;70;16;11;34;22;45;38;47;39;63;42;15;66;36;55;35;55;64;53;71;22;5;54;68;23;45;34;20;9;0;60;43;0;28;38;32;66;14;20;32;29;0;0;26;53;26;0;16;69;18;0;32;26;60;0;68;0;7;97;31;0;75;40;52;26;49;34;50;38;41;36;37;12;94;32;35;30;25;68;34;63;19;0;25;96;54;13;39;50;79;63;14;0;53;82;26;44;31;20;46;0;0;17;24;41;37;58;29;64;38;37;34;0;0;29;42;50;52;34;40;55;14;45;46;88;59;45;63;8;29;28;0;38;38;58;25;42;54;30;61;52;0;16;67;40;25;0;0;0;0;43;21;46;55;0;17;0;53;42;55;68;0;67;77;28;43;53;47;80;71;62;63;37;31;39;14;24;31;48;30;61;29;10;74;24;33;30;31;60;34;32;12;63;68;57;24;19;64;0;59;40;29;54;78;60;54;40;31;8;75;29;31;38;41;61;30;71;18;20;12;32;33;51;32;48;44;57;20;65;25;70;44;80;71;55;61;13;7;48;45;38;17;33;9;46;51;34;27;25;17;37;28;70;11;13;18;0;0;0;29;0;25;21;27;10;21;24;31;60;22;72;0;7;57;56
17/04/2016;845;1169;54;49;57;45;15;0;39;55;43;42;37;50;45;71;15;6;18;52;68;10;40;17;58;25;16;62;18;42;21;25;67;57;54;12;10;36;40;20;35;51;17;28;62;32;22;0;26;37;26;68;12;74;22;31;9;42;24;28;36;22;16;53;47;0;32;54;60;0;55;0;7;67;31;6;0;28;79;67;100;46;44;39;52;37;76;12;64;0;0;0;17;73;30;65;19;0;26;20;0;29;0;51;59;59;33;0;27;61;42;25;26;31;28;0;47;9;26;42;35;54;34;61;42;31;29;0;0;61;39;39;18;26;41;71;10;31;22;45;56;70;90;16;0;12;0;19;43;29;38;58;55;16;0;56;0;24;96;60;26;0;0;0;0;69;30;44;0;0;17;0;43;0;59;35;0;63;0;36;44;58;73;52;45;39;22;0;32;30;21;25;35;50;33;62;15;7;26;25;35;0;35;47;47;56;12;63;83;34;28;60;67;33;67;41;20;79;78;59;56;47;24;11;60;65;35;43;41;61;32;73;21;22;49;33;27;24;34;49;73;56;22;61;28;14;40;47;72;49;57;8;8;43;56;28;23;29;10;29;35;18;22;25;22;33;29;69;16;9;12;51;5;28;33;49;51;21;36;100;22;23;32;67;69;66;31;7;46;56
24/04/2016;422;2086;52;47;41;41;28;16;20;20;37;43;46;45;44;70;15;7;0;33;18;39;33;63;59;42;4;66;17;11;23;95;67;61;68;11;5;81;54;27;37;25;35;9;0;20;33;18;39;42;30;68;14;20;43;0;7;0;19;27;35;0;24;67;27;27;15;0;62;33;81;14;7;57;36;0;0;39;0;38;28;13;41;37;67;54;29;7;37;0;20;0;35;76;29;67;25;0;22;17;63;21;34;66;75;85;16;20;31;63;36;34;44;66;21;5;34;17;26;21;37;42;30;61;44;15;11;0;0;29;39;25;35;68;33;54;14;38;34;33;55;44;39;24;14;11;0;18;30;28;26;46;56;15;0;26;27;23;87;56;32;14;0;48;33;33;34;38;17;0;0;0;10;27;49;22;42;65;74;40;55;56;66;46;57;50;52;38;32;30;14;25;30;62;28;62;21;10;0;25;0;0;33;77;23;33;0;62;41;17;32;29;66;32;53;0;39;59;89;47;63;43;40;12;43;70;49;32;42;65;30;72;19;21;30;18;46;57;31;66;47;57;27;62;33;53;36;74;72;81;59;10;8;46;49;34;35;48;17;18;0;59;27;24;32;52;31;67;13;0;12;24;7;0;32;31;36;20;13;48;41;20;30;65;44;58;0;16;40;54
01/05/2016;448;3282;67;55;42;53;59;16;24;28;48;20;47;46;46;69;22;21;17;22;36;19;51;39;54;36;17;70;39;24;23;39;63;40;60;22;7;48;66;15;14;39;52;0;74;20;85;0;45;31;28;64;16;20;0;29;0;0;46;26;17;21;16;60;53;26;29;26;60;0;57;0;4;80;31;4;0;64;51;0;49;17;52;13;67;25;28;6;32;0;26;59;14;68;26;63;23;0;25;14;54;31;19;64;67;34;7;17;31;64;37;41;59;35;39;0;0;22;30;20;53;57;37;62;38;22;28;0;0;28;55;25;17;67;33;59;18;67;40;43;54;48;31;27;14;33;0;37;43;0;60;45;55;15;0;23;18;46;77;52;32;41;0;0;0;33;35;44;26;36;16;0;15;41;53;27;0;66;37;47;60;57;72;46;35;54;52;0;40;39;42;49;26;41;30;62;30;14;25;0;34;0;58;31;29;33;18;64;41;17;22;78;64;65;46;41;20;49;73;36;64;42;47;19;52;53;47;25;38;63;32;71;18;21;12;31;26;80;57;51;47;73;29;65;30;40;35;46;70;61;62;10;7;52;54;72;31;34;30;44;16;0;10;23;32;49;35;65;12;8;11;23;7;26;48;0;58;19;8;23;20;25;29;61;42;48;0;8;30;55
08/05/2016;240;1078;70;42;57;53;29;16;37;32;54;37;40;52;49;69;20;15;26;61;46;39;38;40;55;91;18;70;30;35;25;32;66;47;49;11;0;69;63;35;32;40;42;28;45;41;55;35;38;44;31;66;25;62;0;30;11;41;42;41;17;22;32;66;37;54;22;27;61;33;54;0;9;82;16;4;0;47;0;0;38;12;73;26;69;30;35;0;16;42;18;15;13;73;33;67;22;0;19;20;28;25;20;67;68;42;7;0;45;71;51;34;43;51;27;5;90;23;21;20;43;44;42;57;38;22;28;0;22;0;65;100;26;34;40;62;14;45;36;22;56;79;53;12;29;22;0;68;54;0;44;46;57;31;82;59;29;24;84;58;39;14;0;0;0;60;25;53;27;0;0;0;21;29;49;17;0;62;39;32;45;53;75;69;40;43;44;0;41;41;29;100;32;54;34;62;19;7;0;38;0;32;43;48;12;23;25;65;54;17;22;20;64;0;54;0;21;65;77;38;66;59;34;13;64;68;63;56;36;68;37;72;21;21;24;23;34;35;41;48;48;71;18;72;39;41;39;58;71;69;61;10;5;51;66;40;43;38;30;61;16;48;26;56;35;49;39;68;19;16;34;23;15;51;48;30;23;78;17;27;20;32;58;63;31;67;14;20;42;58
15/05/2016;310;1621;60;59;53;55;45;47;48;40;40;59;44;51;52;67;29;7;34;27;100;33;47;39;23;36;15;66;41;29;30;47;65;27;70;11;5;65;52;16;54;25;47;18;0;41;43;17;45;47;42;66;15;31;33;0;4;0;41;53;0;43;0;67;18;80;24;26;65;33;55;14;4;41;56;10;0;37;0;32;29;14;63;47;42;35;72;0;57;20;21;37;29;67;30;65;26;0;31;29;33;27;0;64;65;54;8;0;32;70;36;44;37;50;52;0;0;14;23;41;36;60;42;59;24;15;17;42;0;0;57;25;17;33;26;64;9;37;50;44;59;54;39;20;14;17;0;18;39;28;34;59;55;15;0;30;36;50;72;47;32;14;0;0;33;33;23;43;17;0;0;0;20;28;66;44;43;71;75;34;54;54;55;31;59;32;28;39;49;0;28;25;28;63;29;62;31;7;77;25;34;31;43;31;47;34;25;69;53;25;27;100;66;33;54;41;20;45;82;60;62;40;43;17;55;61;46;39;41;69;40;70;20;21;60;32;47;23;40;63;47;48;22;69;27;24;39;58;72;27;67;19;12;45;58;45;44;26;35;59;23;39;20;29;42;56;42;66;27;0;22;23;11;24;42;0;33;47;8;31;19;32;28;61;20;39;28;23;40;61
22/05/2016;231;12721;51;33;55;30;54;16;32;47;28;52;48;52;51;67;25;8;42;38;45;14;46;31;62;53;21;69;22;13;22;23;63;46;60;11;4;55;64;19;50;54;49;9;59;0;64;26;40;58;43;66;22;20;43;58;4;60;45;26;34;21;47;56;36;26;29;26;59;32;48;0;13;64;21;4;0;38;35;18;33;15;48;52;46;43;62;0;21;0;23;0;18;56;37;64;41;0;25;13;36;26;52;58;67;46;12;45;83;71;42;66;59;49;24;10;22;30;35;59;35;35;52;57;47;36;11;27;0;28;58;24;34;24;25;51;14;73;37;53;56;50;40;8;42;43;0;18;48;28;32;78;51;15;39;40;18;38;78;63;40;20;0;0;0;33;30;44;17;0;32;51;20;41;76;65;0;73;0;43;47;55;63;52;43;48;34;39;24;40;28;37;38;60;42;60;33;14;26;38;34;63;41;47;35;45;43;72;24;17;22;40;64;0;63;41;0;44;85;46;58;43;36;17;57;64;29;49;44;68;37;70;19;61;41;35;39;39;43;43;62;62;23;68;27;20;36;73;69;27;61;14;8;51;50;46;41;45;26;26;16;88;25;32;44;53;48;66;26;16;17;23;11;63;50;29;68;19;16;23;49;23;29;58;21;50;0;9;83;60
29/05/2016;451;3296;55;40;49;57;20;32;38;41;21;34;43;47;50;69;25;16;35;45;75;44;53;24;33;18;16;71;28;14;22;81;66;48;61;0;7;87;67;24;35;21;24;9;46;53;34;55;44;47;46;66;27;42;45;30;9;83;34;56;36;22;33;66;28;41;24;55;63;50;74;14;9;50;43;4;80;37;36;37;34;40;43;45;36;20;31;0;33;0;49;0;17;58;40;68;23;0;36;20;76;24;27;61;57;33;20;0;37;69;40;39;51;39;31;0;43;11;35;39;49;47;51;57;50;49;27;0;20;28;100;24;41;48;25;68;9;43;21;31;51;60;35;11;0;16;0;21;45;0;49;54;55;17;91;19;32;58;77;70;46;0;30;0;0;0;33;54;41;42;0;60;24;32;50;38;0;63;0;33;37;52;67;11;43;56;41;39;33;41;36;0;33;56;40;62;19;14;26;26;35;95;37;32;24;46;50;65;42;26;36;40;66;33;60;42;20;78;77;57;64;47;25;19;87;36;49;55;49;64;45;72;23;21;25;33;27;53;37;49;73;42;28;63;33;35;34;77;71;63;60;19;11;44;56;70;34;31;20;53;33;33;37;61;44;41;49;67;21;13;12;0;7;26;50;61;24;50;17;9;0;34;30;65;54;54;44;21;55;59
05/06/2016;292;3579;48;54;51;42;30;31;51;69;55;38;42;49;46;65;29;9;25;32;26;19;41;60;57;23;17;67;15;23;26;30;64;52;61;11;7;54;54;34;30;43;25;27;58;49;21;25;56;38;43;62;26;79;31;57;6;39;31;52;17;52;15;66;71;26;18;0;61;0;47;0;9;39;20;4;48;40;0;68;47;58;50;66;44;23;36;0;20;0;45;0;33;59;34;62;18;0;24;19;0;23;25;58;51;42;30;0;51;59;36;16;51;39;26;0;32;8;41;39;35;53;38;58;42;21;0;0;0;0;71;24;33;40;51;54;18;43;37;42;56;37;58;15;21;27;0;68;56;29;36;49;54;31;41;21;19;28;78;48;37;22;0;0;0;0;30;66;37;0;0;0;43;0;73;35;0;62;0;26;49;55;52;49;58;58;44;0;46;38;34;70;33;60;34;58;18;7;25;24;0;30;37;45;56;21;12;57;45;32;23;57;67;0;50;0;38;44;68;58;68;39;26;36;71;34;52;53;45;66;49;69;23;21;49;32;55;23;33;30;51;36;22;65;23;31;39;100;72;49;68;24;9;51;63;58;43;25;20;16;31;31;39;56;46;58;46;63;31;0;21;67;9;24;46;56;44;56;8;13;0;40;0;61;100;50;14;6;33;59
12/06/2016;369;4421;58;69;53;45;33;15;43;53;35;38;43;56;50;66;30;6;49;32;44;14;27;23;57;46;25;68;26;28;33;23;66;26;53;0;7;65;63;42;55;43;45;9;58;100;21;51;40;52;45;61;36;30;95;0;6;40;33;52;34;83;0;67;44;0;30;0;63;31;67;14;6;79;20;7;0;37;51;17;0;22;47;76;42;19;33;0;73;21;34;20;23;60;56;64;15;56;50;13;36;20;25;61;61;38;31;0;46;71;39;40;61;44;31;5;33;6;29;20;29;53;36;58;29;36;49;0;0;28;62;24;34;33;45;74;9;37;40;64;55;36;28;23;0;16;0;41;45;31;25;46;55;17;0;44;40;34;57;73;54;31;29;0;0;18;41;47;0;0;0;0;34;0;48;24;0;77;84;33;36;52;50;55;60;31;21;37;31;38;20;24;38;51;50;59;26;17;37;49;0;30;34;60;39;0;24;70;34;0;31;38;67;0;56;0;77;56;67;80;64;68;38;21;69;55;64;46;55;72;55;67;22;32;61;19;21;47;31;53;62;29;20;67;33;31;42;83;74;28;53;16;13;63;52;63;53;35;35;88;52;52;47;51;54;57;50;61;38;0;57;21;7;70;38;54;32;45;15;29;18;23;53;61;58;64;13;19;84;61
19/06/2016;327;4604;62;56;63;50;23;31;44;51;93;53;47;55;56;66;31;12;17;22;36;29;80;16;27;42;26;67;24;26;22;47;68;60;46;16;5;93;75;16;55;30;35;14;0;52;22;18;52;56;58;60;40;42;100;0;5;42;55;41;35;44;0;57;28;27;28;27;63;33;50;0;11;66;21;4;50;48;35;18;49;23;58;60;81;63;29;0;43;44;23;0;22;78;65;62;28;0;85;26;36;28;0;62;74;41;22;45;30;65;47;57;35;20;49;5;22;11;31;40;42;46;36;58;64;36;93;0;0;0;58;0;17;25;13;54;18;30;35;65;53;53;43;19;21;27;0;32;27;98;30;48;57;0;0;50;21;45;77;53;75;24;0;0;0;19;38;48;20;0;19;60;95;0;70;25;0;77;0;29;51;52;55;64;49;36;19;0;16;62;36;51;40;74;69;59;24;7;53;0;0;32;46;48;30;0;13;69;60;52;26;41;69;0;48;0;51;56;72;65;69;60;36;30;72;52;63;72;40;66;66;67;24;31;100;27;13;34;48;29;47;60;16;68;24;30;33;62;72;68;67;21;15;55;53;33;37;32;20;32;44;30;14;70;55;56;58;62;44;8;93;0;6;47;70;27;53;0;19;17;27;24;40;63;39;53;13;20;53;52
26/06/2016;331;10013;55;55;66;44;33;23;40;47;56;55;57;56;62;69;46;9;42;27;36;61;46;46;84;47;19;68;42;18;25;54;67;33;63;0;18;81;80;32;58;20;25;19;46;73;56;27;56;61;66;60;45;21;67;30;5;0;49;0;18;43;16;62;56;28;43;54;63;33;71;14;7;66;20;9;0;41;34;35;0;37;26;94;49;24;29;0;63;43;92;39;38;73;46;62;28;0;100;45;0;26;0;66;71;24;37;22;23;54;39;55;51;15;37;5;23;0;32;41;56;86;40;55;58;15;62;0;22;0;50;25;35;34;33;52;0;53;12;22;54;58;66;44;29;17;39;32;56;32;53;29;57;0;0;38;42;53;72;42;57;24;0;0;38;19;52;61;40;0;0;0;18;31;42;69;0;60;0;34;72;52;47;48;65;30;38;60;25;21;29;75;33;68;69;60;37;22;26;0;0;0;38;32;30;0;38;66;36;0;18;41;69;0;72;42;62;100;67;66;71;54;26;19;74;43;29;53;47;78;73;72;36;20;53;13;26;39;45;43;62;25;24;69;20;36;35;62;73;13;72;24;24;56;47;54;54;37;17;78;36;29;45;53;63;74;59;62;57;18;100;21;6;0;74;27;61;35;15;28;18;20;26;61;28;51;19;27;30;55
03/07/2016;230;6618;73;48;73;33;27;26;18;40;45;40;62;60;100;66;30;24;47;24;100;37;63;61;51;20;17;65;19;41;28;61;63;15;70;25;8;83;64;35;97;34;30;16;68;35;75;100;64;63;100;61;40;47;50;0;0;46;36;31;20;24;36;72;83;30;15;30;59;75;95;16;18;74;59;9;0;35;0;40;0;52;55;49;85;44;38;9;73;37;26;69;47;100;94;62;43;0;39;29;0;26;30;57;72;64;100;0;54;53;64;46;48;52;50;5;47;6;60;64;40;80;66;52;57;38;17;29;44;30;42;39;54;52;21;47;10;63;32;57;48;20;58;33;15;75;0;63;62;38;33;18;59;0;0;100;25;47;58;32;76;19;0;67;0;45;50;48;60;0;0;0;14;75;72;38;0;54;0;27;49;55;71;67;67;70;40;100;0;26;27;64;42;66;100;60;27;27;0;0;0;0;33;40;45;43;40;64;98;22;16;25;69;0;67;0;64;30;75;61;81;59;38;25;79;65;59;93;49;72;100;71;26;47;41;31;15;52;35;67;47;18;31;70;32;42;26;39;70;47;85;46;35;100;66;23;49;42;16;95;51;44;46;80;57;64;100;53;36;37;15;32;9;23;48;0;42;0;19;21;54;19;0;55;38;59;46;52;72;54
10/07/2016;363;2305;76;52;67;37;12;15;60;48;49;43;100;60;71;61;100;16;32;51;17;40;88;58;42;28;28;54;16;22;21;51;60;31;64;10;19;77;62;26;60;47;22;18;100;58;21;17;100;57;78;59;100;0;21;28;6;39;65;26;33;0;23;58;70;0;19;25;55;0;86;27;11;46;40;4;48;61;100;59;32;43;67;41;45;19;24;15;31;42;45;19;48;71;74;60;100;55;32;25;70;20;0;56;64;64;39;0;57;61;50;61;40;40;21;8;0;14;17;31;64;58;49;54;87;15;11;0;21;29;58;25;17;33;20;66;14;45;31;22;50;53;56;36;14;33;0;53;73;32;68;26;55;17;0;61;31;48;68;40;67;16;30;0;0;37;27;99;40;42;0;0;29;62;64;31;0;88;43;14;54;52;63;43;44;36;22;40;33;31;29;25;66;61;75;58;100;14;53;26;36;32;56;0;24;35;32;71;24;34;22;21;60;33;67;0;72;68;69;55;84;55;20;24;72;49;61;55;75;75;74;66;100;20;29;39;38;49;58;80;57;45;29;67;28;51;28;87;64;65;82;36;25;62;64;23;55;45;9;48;38;51;48;75;100;72;70;55;100;19;31;18;5;40;74;23;18;15;13;7;16;17;23;51;33;51;0;40;72;57
17/07/2016;503;6291;73;69;53;24;23;15;27;33;38;40;71;53;57;63;62;14;24;61;34;36;92;29;51;50;18;73;23;17;24;44;59;31;70;10;11;100;88;19;38;14;27;18;58;79;42;34;52;50;54;59;51;59;32;29;9;39;73;39;17;21;31;71;18;26;28;25;57;32;58;14;9;71;20;7;0;72;33;0;31;14;34;66;53;41;24;7;50;21;45;48;46;69;45;57;48;0;16;43;0;21;0;58;65;82;33;0;39;65;44;41;35;31;14;10;0;9;26;21;67;42;36;55;52;30;34;28;0;0;67;0;26;25;93;85;9;30;29;33;50;44;51;16;15;28;0;53;59;0;92;51;56;0;45;69;0;44;60;86;50;24;0;0;0;38;24;100;20;0;0;0;41;0;49;19;49;90;43;17;69;50;65;52;50;26;28;39;32;40;0;25;59;47;50;58;37;35;52;25;70;95;72;0;24;23;13;69;30;51;17;0;63;33;53;0;91;61;71;56;66;46;22;14;41;52;40;51;73;66;53;67;48;20;28;55;69;76;84;56;57;51;12;74;38;19;32;60;67;52;76;18;19;62;69;42;33;28;16;79;20;40;42;35;76;51;56;55;67;10;37;19;4;63;97;49;57;32;0;30;33;32;48;56;17;79;12;26;41;65
24/07/2016;644;5710;81;55;65;48;16;15;48;43;56;58;55;51;65;62;43;15;33;59;44;42;41;23;49;23;17;67;22;31;23;54;65;26;68;0;13;68;73;15;50;29;21;50;44;30;64;52;54;62;65;57;46;30;64;29;9;0;50;0;17;21;16;54;54;27;22;0;59;65;59;0;13;48;20;4;49;55;33;85;64;15;44;67;69;14;16;15;41;21;23;29;27;73;58;57;46;0;16;31;35;25;50;62;50;40;27;22;40;65;39;72;40;58;18;0;22;8;29;29;25;58;40;54;55;35;22;27;21;28;51;24;17;24;25;67;13;36;32;64;49;45;40;8;14;16;0;64;56;32;60;34;52;17;46;31;21;31;62;100;49;0;0;0;38;19;46;77;20;41;0;0;29;31;42;38;49;66;0;14;56;52;83;46;57;64;28;38;32;40;42;61;37;67;61;57;40;14;51;75;0;31;40;77;17;22;49;71;41;17;23;20;63;0;61;41;20;53;74;44;73;49;18;20;56;46;41;58;46;70;61;67;31;20;23;53;26;78;48;43;48;49;18;66;35;26;35;61;71;13;62;12;15;57;56;30;47;22;10;51;27;41;39;85;55;60;70;55;38;20;56;0;5;43;61;25;19;16;21;38;16;32;0;59;53;34;12;23;61;66
31/07/2016;558;7606;76;60;60;42;19;63;36;67;89;59;50;51;66;60;46;11;17;60;0;76;61;23;27;24;22;67;22;34;28;39;64;40;72;11;9;80;77;35;43;50;17;19;30;21;22;62;50;50;59;57;52;41;44;30;0;41;52;54;18;65;0;54;37;0;20;0;61;0;70;14;16;57;0;6;50;40;0;26;33;0;48;60;65;24;33;8;42;22;35;100;30;73;56;57;35;0;17;13;36;17;26;63;85;54;31;0;35;67;43;54;31;50;27;5;22;6;27;20;53;76;51;54;48;15;28;28;21;29;41;0;26;0;26;68;14;67;36;0;55;59;34;24;0;33;0;77;54;0;53;46;48;0;0;36;22;41;74;82;44;16;0;0;0;0;41;69;83;44;0;0;37;81;63;52;0;63;0;20;46;58;81;90;81;30;19;80;25;51;29;25;40;65;59;56;20;7;0;26;35;32;50;32;30;23;63;65;66;35;20;20;66;34;51;0;61;77;78;62;72;44;17;19;50;55;51;54;47;68;67;66;28;42;42;100;40;52;41;78;47;45;19;64;33;47;41;52;71;21;57;17;25;87;58;27;55;26;12;44;61;75;39;52;47;53;68;52;36;17;33;29;6;32;55;50;39;16;35;34;17;21;24;58;18;52;24;23;70;61
07/08/2016;805;1836;76;60;75;47;16;16;48;32;40;69;53;60;64;61;36;9;59;49;36;29;75;54;18;18;9;64;33;29;31;16;65;40;48;11;9;75;86;24;57;40;19;9;30;31;55;27;44;63;64;56;30;21;55;0;0;82;37;54;18;22;24;52;18;27;26;27;62;0;51;14;5;99;41;4;74;34;0;17;32;22;38;85;58;62;45;8;62;43;57;40;39;74;61;56;25;56;17;32;0;24;26;59;76;51;52;0;64;77;56;56;46;96;30;6;27;7;25;48;41;59;54;54;65;26;20;0;0;0;30;29;93;0;31;45;11;36;48;26;57;34;49;14;17;13;0;21;55;0;44;37;52;17;46;62;53;85;62;64;51;16;0;0;39;19;35;65;60;0;0;59;30;0;58;45;0;64;44;25;51;54;58;48;76;43;19;0;17;31;29;51;37;81;70;53;16;11;27;52;0;32;35;64;12;23;19;69;24;17;28;20;65;0;57;42;21;81;67;59;79;53;27;18;44;64;48;43;56;83;69;65;36;21;49;50;27;58;39;45;45;32;21;64;24;17;38;29;70;69;60;20;16;57;70;54;45;42;10;37;40;34;21;63;44;64;76;52;36;20;19;20;8;21;62;0;0;0;7;19;41;22;24;59;18;44;24;38;61;58
14/08/2016;865;1082;72;66;56;53;13;16;45;24;70;40;56;60;65;59;35;10;26;67;28;48;48;32;37;24;13;64;17;29;22;63;63;47;54;11;12;78;79;16;47;46;19;10;31;42;22;36;51;58;70;55;37;32;68;30;0;63;43;28;18;22;16;52;28;56;19;41;58;34;43;0;14;67;0;8;52;33;0;18;67;31;64;62;79;20;38;0;54;22;47;20;28;84;60;55;32;0;26;26;93;23;26;62;72;36;19;23;18;62;58;53;51;46;30;7;21;8;31;19;37;46;56;48;85;41;41;0;0;0;34;23;32;46;30;65;9;28;38;40;49;37;67;22;13;46;41;56;67;0;39;41;51;36;0;48;0;33;55;69;45;17;0;0;0;30;33;63;42;0;19;0;49;0;52;53;0;55;45;18;47;55;56;55;62;34;26;0;67;21;22;0;33;73;68;53;32;7;0;0;0;0;40;33;12;24;20;60;19;27;20;21;65;34;36;0;42;52;67;69;86;54;23;20;56;36;50;55;52;78;69;65;27;21;12;37;20;41;36;49;72;36;12;64;31;14;38;53;71;49;45;21;21;68;65;52;64;23;11;30;41;48;52;48;44;67;71;52;32;10;24;0;3;43;51;25;89;50;7;47;0;15;37;60;45;45;12;24;62;55
21/08/2016;458;2794;67;82;69;44;17;30;59;31;75;64;51;61;64;61;36;15;33;53;26;28;46;30;26;29;11;60;23;23;23;61;64;58;43;0;7;75;60;62;56;25;21;14;30;30;65;35;45;52;60;56;39;30;22;0;9;81;34;53;77;63;16;58;36;0;22;0;62;32;57;14;9;48;0;4;0;42;34;17;33;15;57;42;82;48;37;15;21;21;46;20;31;92;58;55;53;0;33;26;54;19;0;60;70;46;40;22;41;61;40;57;57;27;35;4;20;20;34;0;44;83;48;49;77;13;0;0;0;39;38;22;31;15;23;69;17;33;32;29;48;36;43;28;26;35;0;44;72;0;17;39;48;18;0;36;0;46;54;68;48;0;0;0;0;39;32;72;0;43;0;0;49;0;52;53;0;55;45;28;54;54;63;70;52;30;16;0;0;21;22;25;51;77;55;54;34;29;54;26;0;0;39;49;12;70;26;60;25;18;23;41;65;0;28;64;42;67;64;74;77;50;23;26;78;52;60;73;57;76;64;62;36;21;35;45;33;63;36;84;47;28;17;68;24;33;36;63;69;54;50;26;20;74;63;56;75;57;12;36;53;53;38;87;48;73;72;51;32;13;33;0;8;63;49;49;38;24;7;15;49;15;0;59;35;38;24;30;44;62
28/08/2016;1066;15059;62;58;54;39;28;24;41;48;41;47;53;59;62;59;31;14;52;22;18;39;38;40;64;30;7;66;35;24;35;32;64;54;52;11;32;91;80;23;54;25;21;14;45;21;33;35;60;58;51;54;29;41;54;44;4;0;35;27;43;32;16;68;36;0;35;26;61;33;60;14;9;49;41;0;49;33;69;26;33;0;55;34;55;29;62;0;21;43;57;39;31;80;50;54;19;0;50;26;72;17;26;61;65;39;43;0;23;70;46;40;59;36;27;6;40;10;56;24;26;65;56;49;42;26;13;0;0;0;26;59;41;40;24;55;33;36;14;26;50;59;58;47;0;66;0;65;54;33;33;35;46;0;46;66;43;23;61;82;39;32;0;0;39;0;42;62;21;0;19;0;24;32;74;39;50;64;0;20;59;54;66;53;61;13;32;0;49;20;43;38;41;73;48;52;31;18;0;0;35;0;31;32;54;0;19;70;60;17;25;20;67;0;40;42;31;53;66;61;74;44;23;21;44;32;47;60;50;76;51;61;26;31;48;23;27;40;33;63;47;51;17;69;28;24;41;52;71;14;51;25;24;53;48;66;55;38;18;51;47;34;60;80;41;55;60;51;36;17;24;0;5;21;47;50;68;33;7;27;17;22;24;59;26;56;18;24;58;63
04/09/2016;896;4030;55;60;64;42;28;34;31;69;70;100;50;56;54;46;31;30;55;65;99;31;30;59;39;32;21;65;13;23;26;59;57;58;49;23;15;89;47;24;49;36;26;14;46;21;56;63;57;53;49;51;31;42;100;60;5;0;39;27;53;22;16;58;94;27;32;0;59;100;54;29;11;42;0;4;0;33;35;27;0;15;55;35;56;15;50;8;43;76;47;40;40;72;48;50;22;0;34;52;55;38;52;60;47;48;50;23;24;63;60;33;38;35;28;0;49;32;56;71;34;53;53;43;79;26;39;0;28;25;33;43;30;59;35;53;24;26;38;48;47;24;53;17;25;29;0;22;61;34;44;52;44;18;48;20;22;47;63;47;32;0;32;0;40;20;29;55;0;0;0;0;31;33;52;33;0;60;0;21;48;54;42;48;63;30;42;0;17;31;44;25;41;71;37;43;22;25;0;39;0;32;33;97;30;35;32;70;43;26;32;21;60;0;37;0;41;59;69;65;76;48;27;17;73;43;68;50;44;71;47;46;16;54;38;24;35;54;34;93;49;53;13;67;25;28;36;96;60;14;48;29;20;62;53;57;53;33;18;45;70;28;58;66;51;58;58;50;28;25;25;61;7;56;41;52;20;60;22;24;35;20;25;59;37;29;0;31;53;67
11/09/2016;614;5933;74;61;60;33;44;46;38;65;99;58;82;53;68;55;30;12;40;44;21;39;33;27;32;35;10;64;30;37;26;36;62;70;52;13;13;83;60;36;46;17;32;21;35;47;50;20;71;50;58;52;34;47;25;68;5;94;29;31;50;75;56;61;53;46;19;0;57;0;80;32;18;85;23;11;0;32;79;50;37;17;22;39;56;22;28;9;96;0;66;46;100;77;56;53;14;64;19;30;41;18;30;58;51;51;71;38;67;62;45;81;53;29;37;0;76;16;67;88;51;69;63;44;42;21;54;0;0;28;29;48;58;24;13;54;9;22;16;53;45;25;49;27;14;53;0;100;71;75;24;26;49;0;53;49;49;21;63;32;43;19;0;0;0;0;38;52;0;49;21;0;28;37;49;45;58;57;50;24;56;49;59;55;37;26;55;0;38;47;100;29;100;58;47;53;14;17;30;44;0;37;25;73;28;53;15;62;63;20;26;23;67;0;48;0;24;24;60;92;71;38;36;17;72;46;100;59;100;61;61;62;23;49;35;53;16;87;24;91;68;67;15;63;34;35;35;34;68;56;65;44;25;59;56;42;41;31;17;39;36;44;64;77;57;65;84;48;29;22;15;21;4;92;41;0;83;44;22;12;18;33;26;55;19;37;13;35;89;55
18/09/2016;756;635;61;75;51;18;64;0;22;34;78;56;50;49;45;55;27;9;27;70;39;46;45;33;24;76;12;74;31;28;25;58;59;35;52;12;17;50;51;29;33;37;80;0;0;0;46;19;57;44;30;51;37;22;46;0;9;43;33;57;18;0;0;63;78;28;21;42;52;0;37;0;5;17;44;8;54;44;0;38;36;0;39;56;83;36;40;0;23;23;100;22;37;64;26;53;14;0;45;21;0;22;28;55;63;46;27;0;45;72;60;65;21;65;22;8;0;9;31;33;38;31;31;54;30;24;18;0;34;47;24;0;28;40;21;35;30;0;27;35;62;62;54;13;0;45;0;23;60;0;35;64;48;18;0;41;22;33;62;62;22;0;0;60;83;41;26;56;0;0;0;0;25;0;53;54;0;57;0;33;62;52;52;56;62;41;70;0;17;43;30;27;35;57;30;51;18;19;83;27;0;0;33;67;12;36;40;69;25;27;12;21;60;0;39;0;64;50;59;58;67;42;52;14;40;44;71;57;49;63;30;63;23;22;19;48;56;36;33;70;55;77;18;73;18;28;35;85;65;22;43;16;10;53;46;47;44;32;37;49;45;30;53;59;51;63;47;50;26;8;16;0;3;48;53;0;44;37;20;17;19;35;0;57;59;38;14;31;54;53
25/09/2016;648;814;59;58;50;31;22;0;22;43;65;43;53;52;40;56;27;10;36;29;20;41;66;42;19;45;7;77;13;14;23;50;61;29;54;0;17;67;68;46;28;16;43;35;0;44;59;28;40;37;26;52;21;55;23;0;5;44;25;0;0;0;17;62;0;29;31;0;55;0;50;0;7;18;45;0;56;28;38;20;36;25;51;95;72;16;32;17;0;24;51;0;27;69;26;52;7;0;37;29;40;31;29;56;47;35;21;25;20;72;60;50;14;28;8;0;83;11;35;38;79;30;17;59;25;54;21;51;0;53;16;0;32;0;0;70;0;28;27;0;71;62;49;22;0;51;0;21;55;0;32;53;45;0;46;46;21;18;69;58;24;16;0;0;0;0;21;51;21;0;0;60;36;31;27;57;100;66;0;22;54;50;66;52;56;42;25;0;32;100;21;49;48;53;19;48;21;10;0;25;0;78;38;31;12;67;49;75;35;51;19;60;60;0;33;0;0;49;57;46;63;42;25;14;25;54;52;41;45;54;23;62;18;22;38;43;42;73;35;35;44;64;12;70;27;36;30;55;66;51;49;13;6;44;49;56;57;30;21;17;23;24;45;61;49;53;41;50;28;16;22;45;5;0;56;0;45;38;16;18;39;31;28;58;31;33;14;23;59;62
02/10/2016;809;12060;47;54;60;34;32;35;23;71;72;19;47;46;41;56;31;12;19;37;41;32;58;26;25;27;10;75;23;12;28;18;60;52;43;0;10;63;58;12;36;11;33;20;0;33;35;19;41;43;22;49;29;76;23;0;17;43;42;29;56;23;26;64;59;29;18;0;58;35;44;15;12;35;67;16;82;30;38;19;36;16;42;19;44;37;59;0;69;36;63;0;16;76;27;51;21;0;46;14;0;26;0;61;51;63;34;0;38;59;71;42;21;45;29;0;0;10;19;55;30;68;26;55;25;53;20;0;38;0;17;89;0;30;24;51;33;0;30;0;74;63;43;14;0;59;0;30;48;0;41;56;42;24;0;40;20;34;57;89;27;0;28;0;0;27;17;41;29;40;0;0;44;30;58;72;0;74;41;37;66;51;73;54;61;30;32;40;17;21;29;77;38;59;25;49;20;7;27;52;0;64;46;32;24;23;39;68;61;26;24;21;63;51;54;0;62;55;56;46;64;33;32;8;39;49;67;52;42;59;23;61;26;44;19;52;28;42;42;62;36;60;15;67;33;21;38;90;68;43;54;17;5;45;35;40;27;39;19;36;66;41;37;60;43;64;36;51;32;33;23;48;8;78;53;30;24;100;30;42;20;30;0;62;43;44;0;24;43;67
09/10/2016;820;1022;46;65;54;39;26;0;33;42;80;50;55;49;39;55;45;19;30;57;32;45;71;100;32;42;13;66;22;18;27;100;60;31;68;13;5;50;54;34;25;32;33;10;97;33;94;19;53;45;27;49;26;44;47;0;10;44;39;29;56;23;17;76;40;0;16;0;59;71;85;0;5;53;45;8;55;44;56;29;36;16;50;75;51;26;50;0;23;24;25;44;28;67;21;50;10;0;28;28;0;24;28;61;76;61;20;0;39;78;63;43;24;54;25;9;41;20;11;37;46;49;20;56;29;0;100;100;0;0;21;45;0;30;24;64;0;0;26;40;75;60;79;28;0;60;0;40;62;0;39;61;42;32;43;39;39;62;78;60;16;0;0;0;36;18;23;46;38;39;17;0;17;0;50;77;0;79;0;33;72;55;75;33;53;41;30;0;34;21;53;26;45;65;22;48;29;15;0;27;0;100;42;100;31;24;20;60;63;0;26;74;65;0;61;0;21;49;57;38;60;47;38;9;37;52;72;32;55;61;21;60;24;22;32;19;49;72;39;39;55;70;13;69;32;25;39;79;72;29;76;10;7;42;51;19;45;32;24;18;25;17;43;51;42;59;34;52;26;25;0;0;3;40;55;61;49;40;22;19;41;22;30;59;22;45;15;15;48;68
16/10/2016;578;2897;47;50;40;32;25;26;36;27;77;33;39;39;37;56;34;4;19;67;40;21;47;61;30;40;10;77;23;21;29;26;64;37;66;0;10;79;39;22;32;33;14;31;51;23;61;49;36;55;20;50;28;34;25;100;7;0;44;30;20;48;0;77;21;30;16;89;60;74;60;0;0;64;0;4;52;29;72;28;68;24;35;36;58;40;43;0;0;23;24;21;32;66;18;51;23;0;17;34;0;27;41;60;67;58;0;0;37;77;47;30;16;45;29;9;0;0;49;37;54;39;24;54;10;26;20;0;0;0;23;45;0;30;23;73;17;0;21;39;72;43;48;14;0;50;0;20;44;30;34;49;41;16;0;74;48;33;76;62;19;0;0;0;0;17;24;51;18;0;34;0;32;29;56;41;0;66;0;34;66;55;58;56;48;28;23;0;17;65;46;0;48;51;20;49;54;8;28;27;37;51;37;0;13;73;0;85;13;27;23;32;67;0;56;0;0;53;53;48;60;50;20;9;40;84;52;41;43;63;20;57;30;33;51;48;14;98;35;63;64;71;13;80;46;43;32;92;70;29;60;7;6;35;34;35;32;29;16;58;0;26;50;32;36;62;29;54;21;9;12;25;7;28;50;0;50;42;9;0;0;29;47;62;23;52;15;12;66;62
23/10/2016;501;11293;46;49;42;46;18;24;29;57;45;51;37;50;30;57;31;6;35;28;46;29;43;64;18;30;16;80;25;22;26;80;70;61;61;22;9;75;51;31;42;56;25;0;51;46;25;20;28;52;22;50;20;23;25;0;5;46;33;0;39;0;18;78;0;30;23;0;63;37;50;16;5;73;64;4;53;33;36;28;0;16;68;27;46;41;39;16;0;23;48;21;19;71;21;51;10;0;27;14;38;23;0;66;46;52;10;0;56;75;46;30;19;18;28;0;40;0;15;54;38;29;26;54;29;39;20;50;0;0;24;44;0;0;24;66;16;0;30;39;75;40;65;28;0;30;0;20;46;30;15;57;44;0;84;36;19;33;70;47;18;0;0;0;0;26;30;51;19;0;17;55;22;0;67;53;0;65;0;36;70;52;53;45;48;42;58;0;18;44;15;41;46;52;19;46;21;23;0;27;0;34;26;34;26;49;20;73;19;19;24;76;64;0;47;0;22;75;57;64;54;52;33;5;40;55;70;37;42;59;20;60;20;45;39;68;57;43;32;44;45;65;16;80;21;50;33;92;73;66;65;11;6;42;44;57;39;26;15;30;27;46;35;37;33;47;30;52;13;9;51;26;4;29;38;100;53;22;0;41;22;18;49;63;24;41;16;16;26;85
30/10/2016;482;1074;40;57;43;28;18;0;21;49;63;37;35;42;28;57;21;10;35;17;19;44;34;40;33;25;11;94;21;22;34;64;72;82;58;11;9;56;39;17;29;33;25;10;33;91;49;0;34;33;14;53;24;0;24;33;20;68;41;90;19;24;18;95;20;0;20;29;64;36;41;0;5;100;22;6;55;43;37;29;71;17;55;47;34;26;50;0;23;0;38;43;16;53;19;53;21;0;56;71;0;19;28;66;46;38;14;0;39;100;48;35;16;71;28;0;80;0;15;36;41;29;15;56;19;26;40;0;76;0;29;0;30;30;23;100;24;0;50;38;78;67;64;14;0;29;0;57;55;29;27;50;43;31;0;34;28;32;73;66;10;14;26;51;0;25;23;52;18;38;17;0;11;29;45;40;0;75;38;36;100;55;66;28;42;24;40;0;34;22;23;27;44;41;20;49;37;8;28;0;0;0;45;33;25;36;27;82;57;18;37;53;68;35;34;44;21;57;53;55;47;46;37;7;47;60;44;44;45;56;18;61;25;23;32;44;43;50;42;72;51;62;11;99;28;29;52;69;73;30;56;19;4;52;37;26;25;27;7;0;25;33;26;20;18;28;17;48;8;12;11;24;3;52;36;60;0;0;9;28;20;31;30;59;0;29;0;11;55;77
06/11/2016;472;4265;45;35;41;35;13;18;18;31;18;37;29;37;28;50;20;13;28;61;40;21;68;43;50;26;19;75;25;23;26;35;73;37;54;49;5;66;38;8;22;54;29;10;49;67;36;38;29;30;14;46;20;45;48;0;10;67;55;0;38;23;17;64;20;29;24;29;70;0;48;15;5;62;44;10;53;74;0;19;35;32;48;18;59;20;70;8;22;46;73;21;25;62;17;45;7;60;18;0;0;20;55;65;50;35;20;0;56;59;40;18;33;52;24;9;0;0;22;0;55;52;25;48;23;51;19;0;0;50;25;0;30;57;0;59;16;0;29;0;79;55;50;20;0;58;34;55;41;42;50;68;37;22;0;30;27;15;65;60;19;14;0;0;0;16;20;54;0;0;32;51;20;27;53;66;0;78;0;42;83;60;41;39;56;17;24;0;17;22;46;27;39;52;17;43;35;11;28;27;0;0;62;68;13;49;13;64;13;19;20;43;73;0;48;45;22;51;68;68;54;51;38;8;27;70;34;28;43;56;17;52;29;43;37;28;14;12;60;81;58;86;20;73;26;32;37;72;76;71;49;10;3;42;24;16;20;17;5;15;29;58;28;21;8;25;11;34;8;11;30;21;9;69;46;0;21;0;19;16;18;16;0;55;19;26;0;6;48;59
13/11/2016;699;3425;52;48;47;51;10;0;18;45;27;11;26;42;29;50;23;8;0;18;31;32;21;35;41;54;24;79;17;9;27;61;72;22;61;12;13;76;84;13;28;22;17;10;50;45;0;20;31;42;14;44;26;0;36;65;12;67;52;0;19;24;44;65;20;29;30;29;66;36;54;0;0;54;0;8;53;62;37;19;34;24;38;36;55;46;26;8;45;57;49;21;26;54;17;45;43;0;35;27;0;16;55;68;61;41;13;0;56;69;54;76;54;61;24;0;0;19;26;35;37;71;25;45;37;50;19;0;0;0;22;0;0;29;0;61;16;26;29;0;80;77;67;0;0;38;33;28;56;28;51;60;37;15;40;37;55;47;99;91;14;14;26;0;0;17;27;51;18;0;0;0;36;0;57;39;43;74;37;25;77;60;87;61;36;38;20;0;60;43;23;27;34;65;18;43;55;23;0;27;0;33;54;50;13;24;39;73;50;18;24;0;74;0;34;0;22;62;83;39;57;47;33;8;43;77;36;35;36;59;18;52;42;0;38;29;28;61;55;43;42;74;27;75;24;18;32;67;75;73;45;8;9;40;51;35;42;23;4;21;19;49;25;32;15;34;20;47;8;10;14;28;12;31;51;72;56;0;25;44;0;28;35;67;25;41;0;8;60;72
20/11/2016;571;2635;44;41;40;27;7;0;26;60;44;11;21;42;27;50;14;12;28;36;20;47;36;17;39;52;26;68;28;26;23;17;71;87;43;12;5;73;49;25;39;32;22;0;32;22;58;0;19;42;14;44;19;44;35;0;9;0;55;85;19;23;43;72;39;29;23;56;64;0;49;0;5;17;31;9;0;72;35;0;33;15;51;44;54;29;51;0;54;44;24;20;25;67;17;44;13;0;17;26;74;18;26;68;33;45;13;23;72;71;57;45;37;50;30;0;0;9;24;50;28;45;25;47;9;96;18;46;35;0;33;41;0;0;0;59;0;0;20;0;79;66;44;0;24;27;34;19;47;0;64;67;37;30;0;27;27;27;77;77;16;21;0;49;0;17;23;43;17;0;16;0;10;54;50;22;0;72;0;30;66;55;56;37;38;46;38;40;16;31;43;25;39;52;18;40;23;7;0;51;35;0;53;48;36;23;13;78;36;0;26;20;71;100;41;42;20;49;72;42;55;42;24;6;41;76;54;27;31;61;18;52;19;21;12;36;33;52;60;56;58;48;25;69;27;7;28;40;72;41;51;3;6;41;49;16;32;31;5;20;18;46;47;23;12;37;16;48;5;19;13;54;9;29;54;0;27;22;19;16;0;26;66;72;48;63;0;6;52;70
27/11/2016;213;2448;41;32;35;46;16;17;30;54;43;17;24;35;26;49;11;18;27;23;19;30;30;66;29;38;18;73;24;17;18;74;66;35;39;23;0;75;46;20;37;40;18;0;0;41;44;18;35;30;18;44;12;41;33;30;7;82;67;0;18;0;16;72;37;54;17;0;63;33;30;14;4;41;30;9;0;80;33;17;63;22;60;58;56;28;60;22;41;62;33;29;33;68;17;45;18;0;16;37;0;23;50;62;49;37;12;0;51;66;56;54;33;57;48;0;0;9;20;0;45;31;33;44;13;47;18;0;34;0;32;40;28;27;42;67;30;0;23;35;76;56;35;19;0;36;0;17;40;26;45;38;35;14;0;44;17;22;82;47;27;13;0;46;0;31;20;47;33;0;15;0;10;51;50;41;0;78;0;52;82;53;74;21;36;13;50;0;33;40;36;62;39;47;20;42;25;7;26;25;35;0;64;0;47;68;25;68;30;34;13;70;69;33;40;0;20;69;64;44;53;41;45;14;20;55;46;26;43;53;20;52;19;40;40;22;51;77;67;39;45;67;23;73;19;26;27;66;72;46;49;5;3;39;37;20;19;37;9;56;26;62;22;18;15;24;19;46;8;27;12;0;4;42;51;0;0;0;23;10;43;21;0;67;45;70;0;10;75;64
04/12/2016;698;1859;41;39;41;46;9;25;13;63;30;17;20;32;29;48;16;3;27;29;19;35;40;33;43;38;14;77;100;14;22;83;68;49;52;23;7;48;45;16;28;20;20;18;60;20;43;0;20;37;18;43;13;31;43;30;4;0;87;27;35;21;32;68;82;27;16;26;61;33;39;0;4;49;19;5;0;100;0;25;93;21;52;32;38;32;51;7;20;41;44;19;27;59;19;45;30;0;47;73;34;23;24;63;49;38;12;43;56;71;54;21;37;16;11;0;0;13;26;0;40;26;22;44;38;34;17;0;0;0;39;0;0;0;21;70;100;24;33;0;72;55;15;0;0;17;30;34;34;0;75;46;36;14;0;34;17;11;83;54;24;13;0;0;0;23;17;55;16;33;15;47;28;88;33;35;0;57;0;31;52;57;78;57;41;42;15;0;32;40;28;49;43;47;22;40;32;21;26;25;0;31;85;0;23;56;12;78;100;17;16;50;66;32;30;0;40;81;67;47;46;40;36;9;33;78;64;24;40;52;22;53;23;20;57;51;32;32;85;56;60;63;24;76;100;22;28;65;69;78;55;6;7;39;43;12;22;37;4;0;17;43;11;21;14;36;17;43;10;9;18;0;7;0;81;32;25;31;0;98;0;32;31;64;23;31;15;7;57;67
11/12/2016;278;4225;44;38;40;38;18;0;25;45;34;10;25;41;30;49;16;9;18;17;19;20;25;24;9;25;36;73;25;19;24;65;64;35;54;11;10;59;44;20;35;45;12;0;30;21;22;18;23;26;20;43;16;0;44;0;4;0;61;0;35;22;16;74;19;27;26;27;63;0;42;0;5;58;19;7;0;52;0;25;61;14;42;40;40;45;54;7;20;30;43;19;15;60;19;43;12;0;16;24;34;19;36;62;35;43;12;0;22;76;42;51;45;30;34;0;34;17;42;0;32;46;25;45;20;44;17;0;32;44;25;0;0;25;20;63;21;23;0;33;70;48;29;54;0;59;0;16;36;25;68;37;32;27;0;33;33;31;84;75;25;0;0;44;0;30;19;61;31;32;29;47;19;0;45;59;0;73;0;53;67;55;86;21;46;29;59;39;0;50;42;0;36;39;16;40;42;7;26;25;34;31;55;46;17;67;31;77;23;0;20;59;64;33;35;0;20;55;75;46;43;38;34;9;38;100;53;27;36;53;22;53;27;19;39;46;37;42;59;44;46;47;17;78;25;16;27;80;68;32;58;10;7;38;45;8;21;41;5;19;26;0;16;32;16;29;18;44;8;0;12;0;10;55;46;48;25;63;22;25;0;15;0;64;23;41;0;17;37;65
18/12/2016;323;808;48;33;38;38;20;0;29;32;58;14;30;33;28;50;20;5;17;22;37;39;29;48;28;18;11;76;12;5;21;24;76;14;48;22;5;58;56;31;25;40;21;9;0;71;33;0;29;39;16;43;11;41;22;29;7;0;39;27;17;0;16;75;18;0;13;26;66;33;60;0;4;49;0;10;0;42;48;16;45;28;58;40;34;40;57;14;19;20;0;0;21;70;23;45;41;52;0;24;0;19;0;69;52;41;6;21;38;68;48;46;45;53;17;0;0;9;16;0;35;33;28;47;25;22;0;0;32;44;29;38;52;38;0;65;0;23;18;33;85;31;37;12;22;25;0;17;36;25;33;53;34;0;36;30;33;28;85;45;22;37;0;88;0;30;24;62;63;0;14;0;19;25;39;45;39;91;0;42;63;60;67;41;47;32;76;0;24;49;14;49;47;53;26;40;47;14;51;0;0;0;36;61;12;44;24;80;46;17;20;39;72;0;40;0;20;60;75;53;45;34;34;9;40;51;30;25;42;48;20;54;36;0;28;33;49;53;41;41;36;67;32;78;30;12;25;53;80;32;51;8;7;46;45;8;18;40;6;37;34;60;27;17;13;37;17;42;13;17;24;0;0;27;37;31;0;82;18;14;21;9;31;70;44;38;30;8;40;74
25/12/2016;373;1128;38;32;33;14;19;17;26;100;38;14;19;27;28;49;16;20;27;12;19;20;30;25;24;50;21;72;11;22;21;41;66;49;51;12;7;83;75;8;23;30;30;0;0;63;67;18;17;33;19;44;8;52;44;30;9;0;29;0;27;66;16;81;19;27;30;0;65;0;35;0;5;33;38;3;0;34;32;16;30;14;60;64;37;22;73;7;20;100;21;28;11;71;21;44;23;0;31;24;0;25;0;63;62;31;12;0;66;73;47;37;51;47;43;0;0;9;17;48;40;56;25;49;8;34;0;0;0;0;14;0;27;52;0;74;22;23;22;0;77;72;34;12;0;17;0;26;31;0;28;51;35;14;0;50;0;25;94;64;23;13;0;0;0;54;29;54;16;51;0;0;29;25;22;41;0;71;0;73;65;53;78;37;35;26;100;0;16;20;36;49;46;41;25;41;40;18;26;25;0;32;34;93;24;23;25;66;30;34;15;30;67;33;35;0;20;47;74;47;43;37;44;9;30;64;41;29;38;50;22;54;24;20;46;26;57;55;36;63;40;61;22;75;26;19;32;71;73;20;45;5;6;40;37;28;25;17;7;29;35;18;22;25;11;38;19;45;7;18;25;26;5;56;26;65;25;21;14;10;22;27;0;66;23;58;0;6;37;100
01/01/2017;259;728;45;22;33;25;22;16;16;51;36;23;26;32;26;48;20;5;17;33;36;19;9;62;23;48;20;71;17;24;25;55;62;27;43;11;5;47;68;18;32;38;31;0;56;48;82;17;20;28;19;41;17;38;41;0;8;38;38;50;16;61;15;74;52;51;14;25;57;31;35;13;0;77;36;3;0;37;0;15;58;40;55;53;33;34;84;0;19;19;61;18;27;50;16;41;33;0;15;34;32;14;0;58;65;28;14;0;31;66;45;20;17;29;67;0;0;17;19;30;40;48;17;46;36;21;16;0;0;0;20;36;25;24;19;77;27;22;31;32;68;56;7;11;0;24;0;15;37;0;36;64;33;24;0;19;30;16;87;60;22;11;0;40;0;40;17;62;14;30;13;0;17;22;65;50;0;67;0;87;58;48;63;45;55;31;54;0;31;58;41;48;31;52;19;39;31;10;25;24;0;30;40;0;28;54;24;78;28;16;17;38;62;31;31;0;19;53;69;39;40;31;53;8;18;64;46;14;35;48;18;53;31;28;22;69;30;41;46;43;33;66;13;75;23;24;30;31;65;61;42;4;5;42;49;18;25;23;10;18;0;49;31;30;15;40;16;42;13;8;17;0;3;0;54;30;24;40;17;19;20;25;59;61;21;49;0;7;39;76
08/01/2017;305;1143;51;26;33;32;22;0;29;57;66;20;20;35;27;48;14;7;0;39;56;34;24;32;37;36;11;73;18;27;23;48;66;14;45;0;0;59;61;14;34;9;27;25;27;56;69;0;19;31;18;42;8;37;30;0;8;74;100;24;24;19;29;88;33;24;23;0;58;30;29;0;4;44;53;10;0;81;29;15;56;13;70;29;26;12;71;0;18;19;30;34;15;53;23;42;22;0;22;11;31;18;0;61;72;33;11;0;30;61;61;23;16;21;66;7;31;8;35;56;30;46;16;45;11;20;0;39;0;40;48;0;0;23;0;78;19;0;30;0;70;49;27;22;0;46;0;14;42;0;100;76;32;23;0;38;14;27;70;46;21;0;0;38;0;19;17;58;13;28;12;0;20;0;53;34;0;66;29;100;77;52;74;30;41;31;68;0;61;29;54;24;40;48;26;38;40;13;24;24;33;0;100;59;17;64;47;75;28;16;16;76;67;0;32;39;0;43;79;43;39;41;54;9;28;48;39;22;36;45;18;52;18;19;16;24;30;46;100;69;37;68;13;75;22;21;32;51;69;37;43;5;2;39;30;40;18;35;9;18;16;57;10;17;13;36;22;44;7;12;23;24;10;26;90;0;35;59;17;23;30;18;29;62;32;27;29;10;35;83
15/01/2017;250;520;52;24;40;20;17;17;9;42;52;11;21;38;33;49;11;11;27;23;58;30;20;25;53;51;26;79;29;17;25;33;72;50;46;12;7;46;45;7;27;14;12;0;0;48;61;33;17;42;18;44;7;19;20;0;6;38;64;25;16;100;22;70;51;25;15;0;63;0;45;0;4;53;38;7;92;56;32;16;29;0;39;31;25;35;57;7;29;20;42;45;22;46;23;43;11;52;53;35;33;22;23;67;54;27;17;0;32;72;63;15;33;37;27;7;33;0;16;60;22;45;20;48;16;44;17;41;0;0;36;0;0;37;0;68;14;0;25;33;74;76;25;18;21;41;0;15;57;23;57;47;35;12;66;17;30;13;73;69;28;29;43;41;0;0;24;53;15;0;0;0;43;0;58;55;36;77;0;76;54;57;56;65;36;15;36;0;31;39;34;71;28;60;28;42;31;7;25;48;0;60;67;30;17;54;36;69;23;33;27;58;72;31;36;39;0;61;67;52;44;30;40;8;40;61;68;27;29;52;23;53;19;29;22;38;31;63;66;78;44;62;20;74;29;19;40;32;76;50;45;6;4;35;44;19;31;43;8;18;17;34;64;31;16;36;17;44;9;25;17;24;3;26;63;31;24;20;9;28;0;18;30;67;22;62;0;9;43;61
22/01/2017;249;1416;43;33;37;39;16;17;8;50;64;21;18;37;34;49;10;12;36;17;19;20;20;25;38;62;11;80;22;11;30;17;72;21;43;23;12;51;55;18;21;33;17;9;29;39;41;33;17;44;22;41;15;19;72;0;4;0;69;0;32;41;0;69;34;0;28;0;65;31;61;13;0;69;67;7;47;56;96;16;61;56;100;72;40;49;46;7;19;30;54;19;19;57;25;43;15;0;78;24;34;24;0;69;61;45;9;0;39;69;69;31;27;54;49;8;68;9;32;61;36;46;18;47;29;34;17;42;32;0;41;0;26;25;20;64;21;23;25;34;81;53;52;0;0;25;0;16;63;0;47;38;35;0;0;52;32;17;65;54;34;12;0;42;0;29;28;49;15;47;0;0;44;47;52;57;37;65;0;56;73;56;64;49;41;34;68;37;15;29;40;0;37;50;25;39;46;13;24;24;0;0;63;59;28;21;12;71;28;32;21;47;72;0;52;39;38;60;67;54;44;40;37;8;38;68;55;36;31;54;25;53;18;39;17;21;31;43;66;69;49;45;15;81;23;22;29;65;76;32;55;5;5;41;34;35;23;25;8;19;18;79;28;32;18;35;18;46;9;22;31;0;11;28;54;0;38;43;27;15;0;23;64;74;23;65;0;9;67;86
29/01/2017;459;2845;55;36;35;27;13;34;26;64;26;11;24;36;32;49;13;11;18;58;19;31;45;33;48;19;21;87;15;11;24;17;71;36;46;12;7;40;42;23;17;24;14;9;0;30;0;17;29;43;20;43;13;50;21;29;13;0;62;39;17;21;16;84;36;0;30;26;64;0;41;0;9;64;0;7;48;47;33;17;62;36;29;33;50;27;35;7;40;41;22;0;21;57;28;43;12;0;40;24;0;18;25;66;66;33;12;21;34;83;55;39;32;33;22;0;0;28;28;34;28;58;26;49;31;48;18;0;0;0;35;0;29;27;86;67;15;0;23;36;82;39;48;13;0;27;0;17;35;0;38;38;37;14;37;34;17;36;67;50;27;13;0;69;0;46;24;47;16;34;15;48;38;26;40;88;0;55;71;40;55;64;67;50;32;31;47;37;46;57;20;71;54;58;25;40;22;10;25;24;0;30;62;0;17;64;41;79;45;16;18;19;72;0;51;40;19;66;68;65;55;32;32;8;69;56;30;31;35;54;26;54;21;40;23;34;25;22;65;98;47;67;24;75;19;26;31;44;76;13;49;6;6;45;44;12;26;25;7;19;26;44;11;21;17;31;21;46;9;13;12;0;11;28;49;0;63;21;9;0;43;23;0;69;0;47;16;16;46;79
05/02/2017;207;2762;43;19;38;45;15;16;20;47;24;29;24;40;36;48;11;14;34;43;27;24;19;77;45;47;15;75;22;31;18;54;66;20;46;11;5;76;50;11;16;14;15;18;29;49;74;34;18;30;21;41;14;40;74;0;6;0;51;39;34;41;31;79;35;0;19;0;62;0;49;0;0;39;18;3;45;46;31;16;0;41;43;39;67;30;37;0;0;20;21;36;25;67;22;42;20;0;75;23;65;22;23;61;39;28;8;0;27;73;36;25;37;51;23;0;33;8;25;30;34;44;24;43;0;43;16;40;31;0;27;72;25;49;29;57;0;22;10;32;65;63;35;34;21;32;30;33;38;50;54;48;36;0;0;33;16;24;82;54;32;12;0;43;0;22;24;43;31;65;0;0;18;0;36;59;0;58;0;49;47;50;64;60;43;15;54;0;15;19;27;24;35;51;19;40;46;20;0;24;33;0;64;0;28;22;12;78;45;32;18;19;65;31;38;0;19;57;66;49;58;40;29;4;47;75;47;44;38;57;23;51;17;39;28;17;50;65;57;59;52;36;12;75;15;10;25;65;70;32;45;7;3;47;41;23;24;32;9;18;17;60;43;24;18;35;17;44;7;26;12;0;3;54;54;0;24;20;0;19;31;15;61;64;0;33;30;20;60;65
12/02/2017;189;82;59;33;34;33;13;30;19;41;38;34;21;38;33;47;8;6;0;36;17;45;35;44;34;28;22;74;11;15;24;87;64;44;44;0;4;54;58;7;41;52;20;9;29;58;41;17;24;51;23;43;10;20;31;28;4;0;49;38;25;61;15;63;53;0;17;51;61;62;51;13;4;62;28;0;45;47;62;32;44;27;58;39;39;39;34;0;0;97;52;18;14;63;26;43;20;51;68;23;33;22;23;61;79;28;8;0;32;66;43;30;29;30;24;8;34;34;16;61;35;29;22;44;41;22;0;42;0;0;35;0;52;51;20;59;14;0;14;33;68;50;33;12;0;33;0;47;44;0;50;54;35;0;0;43;31;30;81;41;30;12;0;63;0;35;34;47;45;0;0;44;22;23;37;42;0;61;32;39;66;54;65;59;35;36;64;0;53;28;47;23;38;56;22;39;32;13;24;0;0;30;55;29;0;42;29;75;28;24;19;47;65;31;26;39;19;66;63;49;50;39;23;10;20;69;64;47;33;60;22;51;20;20;17;31;13;45;54;86;54;84;13;76;22;23;32;34;71;13;57;7;5;43;45;37;27;35;5;18;25;58;16;17;14;33;18;43;10;8;23;0;3;52;39;46;48;40;0;9;0;14;30;68;32;49;15;8;70;87
19/02/2017;268;3905;53;32;32;25;10;24;45;48;45;36;22;35;38;47;14;13;0;55;27;14;24;39;27;42;26;100;14;16;20;47;69;47;61;27;16;62;43;19;35;52;14;9;57;49;41;25;20;36;23;42;8;39;31;28;4;0;47;89;0;21;15;100;18;0;10;25;64;31;44;0;4;62;29;5;47;46;48;16;46;14;53;48;26;54;62;0;39;20;32;19;17;53;24;42;23;0;31;36;0;21;24;61;55;44;12;21;38;85;44;36;36;53;21;8;51;0;6;31;49;50;32;46;8;67;17;0;0;0;24;0;27;0;20;66;14;0;25;0;74;61;40;0;22;34;0;87;33;48;39;39;37;0;67;26;31;30;83;67;38;0;0;42;28;14;28;44;15;31;0;0;17;23;59;56;0;67;0;42;83;58;75;30;35;50;24;0;16;49;49;48;30;58;26;40;24;21;25;0;0;31;56;0;23;44;42;98;29;17;19;39;69;0;40;40;29;48;74;48;53;34;27;12;54;92;27;54;32;58;23;50;21;30;46;31;52;39;50;50;38;77;12;94;24;13;25;89;73;47;57;12;11;38;42;15;29;24;4;0;0;51;32;14;11;40;18;43;5;13;29;0;5;27;42;31;36;20;0;29;0;22;30;64;55;30;15;5;48;87
26/02/2017;306;878;53;29;41;51;15;40;25;41;33;20;26;44;43;46;11;5;17;62;19;20;39;16;37;49;9;77;26;8;21;32;69;41;48;11;5;60;55;7;35;51;16;9;28;38;62;16;21;54;20;41;15;38;21;0;8;0;43;25;16;81;23;72;43;25;29;25;63;61;24;0;4;38;19;7;0;43;32;16;60;14;77;47;37;22;30;7;19;30;32;0;15;60;23;42;29;0;0;29;0;20;35;60;68;48;6;20;43;80;50;20;28;36;30;0;0;8;37;0;25;59;36;46;16;21;0;40;0;0;22;0;76;0;19;63;20;0;31;47;71;69;35;23;0;24;0;16;41;0;39;50;35;0;0;25;15;20;83;58;20;23;0;0;28;14;21;45;30;31;0;0;30;23;54;65;0;58;0;37;67;50;79;48;37;44;60;0;15;18;39;45;39;56;24;38;40;13;24;46;32;0;56;43;16;83;51;71;11;16;21;18;70;30;40;0;18;43;76;38;44;32;25;13;38;85;40;27;32;57;23;49;16;58;28;38;19;43;47;86;32;53;13;74;22;13;34;37;71;51;45;10;10;47;60;30;23;12;5;18;0;58;10;13;16;35;22;43;8;13;23;0;3;52;43;31;47;40;9;23;0;18;30;66;43;52;15;3;43;73
05/03/2017;186;1524;44;38;38;24;19;16;17;41;29;27;25;45;44;46;13;10;18;34;37;39;19;24;28;55;13;74;19;11;30;48;70;48;44;11;7;75;63;18;36;45;24;8;41;19;40;16;21;43;24;42;6;0;20;0;12;74;44;0;16;69;0;59;33;0;18;24;61;60;32;0;6;97;46;0;90;45;31;32;44;14;47;23;56;43;45;0;19;0;42;18;16;68;21;41;23;51;30;0;0;22;23;61;87;32;20;20;27;65;51;44;47;58;20;0;0;20;34;29;34;43;27;44;8;32;16;0;31;0;36;0;0;24;19;51;13;22;34;63;73;50;24;11;0;40;0;39;33;0;46;47;34;25;33;28;31;36;78;57;27;0;0;0;0;42;24;44;45;62;0;0;13;70;59;37;36;69;0;47;60;56;64;44;42;36;35;0;15;47;33;23;33;52;28;40;34;7;0;36;0;30;48;44;11;64;23;79;22;16;21;47;72;0;41;0;38;52;78;57;51;33;41;11;70;84;47;41;35;53;25;48;19;29;22;38;43;53;53;48;46;83;11;66;23;6;29;48;72;38;44;8;5;37;48;32;38;19;8;34;0;71;20;29;13;35;23;40;6;16;33;23;6;50;50;29;0;48;8;22;0;12;57;64;41;31;14;12;56;69
12/03/2017;558;388;39;28;34;26;19;16;33;49;37;31;30;41;42;45;16;12;35;45;37;34;15;40;65;61;4;77;9;11;28;32;68;62;46;23;0;60;66;22;34;23;15;8;0;47;30;24;27;44;25;40;13;47;20;41;12;38;50;49;16;30;15;67;17;25;20;25;61;30;47;13;4;45;18;3;0;52;61;31;43;26;40;45;43;38;40;0;19;38;81;53;20;56;23;40;19;0;15;11;0;25;34;61;64;42;11;20;57;58;49;24;25;14;22;0;63;8;36;0;57;61;27;45;27;52;0;0;30;0;20;35;0;0;0;53;26;0;23;0;79;58;20;11;0;31;0;38;50;35;40;47;33;0;49;19;45;29;76;80;27;11;21;0;28;14;21;50;29;89;0;0;17;0;41;50;0;68;31;44;58;54;47;28;54;29;88;36;15;36;39;0;47;41;22;37;31;6;0;23;31;0;49;43;32;61;28;71;27;16;22;45;66;0;23;56;37;53;72;36;53;34;37;9;51;70;56;45;36;59;23;47;27;19;45;34;31;43;49;48;64;53;19;69;19;13;33;70;70;38;51;9;8;50;34;18;37;31;5;17;32;49;15;17;17;40;23;42;9;8;23;0;7;26;42;30;23;39;8;18;20;34;89;65;42;36;14;9;35;70
19/03/2017;415;5674;51;26;44;39;17;26;44;52;22;15;30;43;46;47;19;26;38;42;90;31;36;52;55;33;10;83;25;15;28;69;69;88;46;24;13;70;63;12;40;20;21;9;45;21;44;35;28;39;27;40;18;31;66;30;100;0;45;27;18;43;24;67;19;0;9;53;65;33;35;0;7;57;20;100;49;42;68;17;32;22;35;50;30;33;24;8;21;21;23;0;24;53;25;40;6;0;16;13;0;15;0;61;72;29;15;44;46;73;54;53;61;32;11;0;0;9;23;0;37;48;34;45;17;23;26;0;0;0;33;39;0;0;42;70;15;0;41;69;79;83;27;25;0;18;0;33;44;25;43;34;34;100;35;27;33;45;95;64;22;0;0;0;59;0;42;49;31;33;0;0;18;25;48;79;0;86;0;37;68;55;77;37;37;13;38;0;16;51;29;0;44;44;25;39;35;7;26;0;70;47;51;47;0;57;13;81;30;17;28;40;70;99;36;0;41;70;71;47;53;42;24;8;26;75;44;29;42;57;28;48;20;62;48;41;40;80;46;51;26;76;21;73;22;10;30;92;73;75;45;16;6;45;33;12;32;45;6;19;34;44;22;11;16;36;26;41;9;9;12;25;100;28;36;32;37;42;9;20;21;34;31;63;68;31;0;8;25;76
26/03/2017;273;2367;53;46;37;41;26;25;26;59;60;18;31;41;45;44;10;20;36;23;19;36;25;50;24;51;32;77;15;11;27;33;67;42;36;12;10;48;56;19;33;34;16;13;43;0;21;67;29;44;25;40;11;29;42;0;13;39;45;26;17;21;15;72;0;26;11;0;62;32;40;14;4;24;39;9;48;44;32;17;31;50;29;49;38;18;24;0;40;41;44;38;19;66;25;39;12;0;24;36;34;19;24;62;83;28;15;0;39;75;46;55;35;45;27;0;33;9;9;0;29;33;32;44;28;66;25;41;0;0;34;0;0;25;29;77;0;0;18;33;76;73;11;23;21;33;0;56;52;0;33;62;34;13;0;14;62;43;94;40;30;24;0;0;0;28;26;53;15;0;0;0;26;24;66;57;0;74;65;41;70;53;81;40;39;34;39;0;39;29;14;35;32;52;31;36;28;23;0;48;0;30;45;0;11;43;24;72;28;0;23;19;67;31;38;0;0;63;71;38;39;39;31;10;39;82;41;22;39;48;27;47;16;40;29;30;38;44;41;75;38;89;26;75;21;13;34;100;72;13;44;10;5;40;36;37;16;24;6;27;17;58;21;24;16;46;24;42;8;38;12;0;5;26;47;31;24;20;0;9;0;27;30;59;22;35;0;13;35;67
02/04/2017;251;2615;60;48;33;50;24;0;36;79;54;11;38;42;48;44;24;13;38;36;20;63;26;17;25;33;22;83;29;15;26;69;68;88;34;12;5;89;55;19;25;15;20;18;0;80;42;0;28;38;25;41;12;40;32;0;11;40;44;0;42;0;31;86;53;0;14;0;63;32;29;27;4;47;19;0;47;55;0;0;62;21;50;49;35;41;51;0;100;82;54;19;27;50;26;39;33;0;40;24;34;26;24;62;76;25;6;0;67;78;50;30;22;23;17;11;0;25;28;0;64;37;38;43;24;22;25;42;0;44;29;0;52;50;20;74;14;0;36;49;71;100;22;29;0;41;30;17;39;0;59;45;34;0;36;37;17;42;92;55;30;13;0;0;0;30;35;50;32;0;15;0;47;50;61;45;0;69;0;53;61;51;68;26;35;25;40;0;16;20;14;24;39;50;29;37;49;14;25;37;68;62;43;0;12;0;12;73;47;0;21;39;66;32;36;81;20;63;71;42;49;44;33;13;57;85;50;40;34;56;32;48;20;0;35;40;33;51;49;43;33;100;26;69;17;7;33;56;70;81;43;8;6;42;51;42;39;32;8;19;17;43;22;28;20;42;29;41;11;9;24;25;5;27;50;0;37;42;0;0;0;21;0;61;22;25;30;13;32;72
09/04/2017;387;2023;54;52;39;30;46;17;25;50;51;17;41;40;46;43;29;10;36;34;19;55;29;49;19;31;18;76;25;11;22;16;67;42;28;35;5;84;47;23;25;34;16;9;29;30;32;0;33;43;26;38;13;0;0;29;13;0;53;26;34;0;16;59;45;26;9;26;62;0;23;0;4;32;60;14;48;48;100;34;47;15;55;33;45;32;48;0;41;52;22;19;21;59;34;40;15;0;49;19;0;20;100;60;62;27;21;0;63;63;63;26;25;16;25;0;52;13;23;32;50;55;35;42;17;57;17;86;0;0;24;0;27;52;0;79;22;0;11;0;72;67;23;12;0;17;0;26;40;27;52;47;36;0;0;25;0;33;75;48;24;0;0;0;0;0;18;52;42;0;0;0;29;53;70;63;0;63;0;35;43;50;61;74;47;21;74;0;23;38;40;35;47;42;25;36;22;7;74;24;33;30;54;44;17;43;35;70;62;0;24;19;67;0;27;59;57;48;64;37;41;47;28;7;65;92;54;30;31;52;28;46;21;0;18;35;26;17;50;68;41;75;18;71;31;23;24;50;72;47;38;18;5;47;38;30;20;28;12;54;25;59;21;31;22;38;28;39;14;8;0;24;5;27;42;0;24;41;9;52;21;18;60;64;22;47;15;13;32;61
16/04/2017;205;7901;49;49;41;36;38;33;37;37;33;27;45;40;47;43;27;7;18;17;19;39;48;48;42;37;13;80;41;16;23;48;65;27;44;11;5;65;51;7;32;42;24;17;28;57;71;16;39;41;27;41;26;95;20;0;4;38;57;38;24;40;15;75;51;0;17;0;60;31;48;0;10;53;37;3;0;58;0;32;30;27;39;47;51;31;30;7;19;78;42;0;25;58;30;39;29;0;31;35;33;25;0;58;62;34;20;0;38;64;56;41;39;31;38;15;0;9;23;93;72;46;27;43;29;45;25;0;0;0;29;0;40;26;20;68;14;0;15;67;71;73;22;42;0;42;0;16;62;24;59;39;31;0;0;43;15;10;83;53;32;36;22;42;0;50;17;57;38;0;0;44;18;35;60;43;0;76;0;62;59;55;59;35;38;22;63;38;16;68;14;95;44;59;28;36;35;20;25;24;100;30;60;30;23;43;36;79;63;33;17;19;67;32;30;40;0;55;65;42;52;52;36;9;46;78;35;18;48;54;30;46;31;19;28;26;100;27;60;56;44;54;17;73;39;9;28;65;69;51;41;13;13;41;47;28;17;30;18;17;31;32;15;16;29;40;30;37;12;8;11;0;3;25;51;0;45;19;12;45;0;17;29;64;21;33;0;19;60;68
23/04/2017;264;160;65;51;35;57;21;16;12;20;67;41;38;39;51;45;20;16;53;39;28;44;53;56;19;49;16;78;30;5;14;80;70;27;42;23;7;77;56;23;28;44;12;0;74;20;43;35;27;32;31;40;8;50;43;29;4;40;65;0;0;63;32;74;45;26;18;26;65;32;39;42;9;40;20;4;0;67;67;17;65;15;73;25;64;24;29;7;20;42;68;0;15;58;36;40;18;0;33;38;35;22;0;64;63;22;12;0;35;72;76;33;36;64;33;8;0;18;27;33;48;53;47;42;13;82;18;0;0;46;27;0;0;54;42;61;15;0;31;0;80;49;50;0;0;80;0;34;50;51;50;39;34;14;0;30;17;39;94;60;40;13;0;45;0;38;25;52;24;0;22;0;19;0;55;45;0;65;0;32;72;53;50;31;46;38;56;0;16;50;28;50;41;57;36;38;32;10;0;0;0;0;61;0;12;22;49;75;24;0;15;20;72;33;41;41;20;54;68;40;57;50;32;11;58;65;39;38;38;61;39;47;19;62;18;32;40;68;54;59;37;35;19;73;17;13;32;69;73;55;40;25;9;41;46;19;25;24;11;18;25;100;42;37;28;52;41;39;10;21;23;0;5;26;57;31;36;40;9;9;31;14;45;67;22;42;15;22;59;73
30/04/2017;448;1232;67;53;44;67;35;16;37;52;57;37;42;45;54;43;20;13;17;88;18;48;43;63;27;60;11;88;16;8;22;47;68;27;40;11;14;72;52;19;25;49;25;14;44;61;54;17;30;33;37;40;19;30;22;0;7;40;54;26;17;21;0;86;0;27;14;26;64;32;41;14;13;32;41;4;0;50;0;0;65;15;69;34;37;38;66;0;0;22;0;0;19;65;34;42;22;0;33;25;0;10;26;64;63;31;25;0;59;97;69;27;44;40;32;0;35;18;23;0;37;56;38;43;21;35;17;44;0;46;27;0;0;0;0;72;0;0;15;34;74;73;30;12;0;44;0;0;53;0;47;32;33;14;0;28;17;47;84;58;41;0;0;0;0;31;36;48;33;34;0;0;19;26;65;82;0;71;71;43;83;54;62;51;46;32;46;0;32;40;28;37;38;70;38;37;23;7;51;0;68;0;46;31;12;56;37;91;23;0;21;20;72;0;34;41;0;71;71;49;50;50;30;9;73;55;54;43;33;53;39;49;23;31;60;36;47;69;52;60;34;64;14;100;20;20;23;35;74;34;37;15;12;55;35;42;34;45;14;52;16;48;35;35;31;46;46;39;14;16;11;23;3;25;60;29;22;38;16;18;0;19;28;63;0;19;0;18;71;93
07/05/2017;510;6838;60;40;36;37;27;33;38;50;30;35;46;43;58;43;19;11;18;57;19;40;49;57;24;19;9;79;20;14;24;33;68;35;34;0;5;92;51;11;31;20;26;9;29;50;53;43;45;36;40;39;24;100;32;29;4;0;56;26;17;21;16;66;18;0;27;0;63;32;39;14;7;48;41;4;51;47;52;35;49;0;48;17;43;39;66;0;21;43;23;0;15;62;42;41;25;0;0;19;36;24;0;63;67;33;22;0;71;68;62;45;39;44;30;0;33;9;25;0;44;48;44;43;20;43;33;0;0;0;27;0;38;0;0;60;40;0;18;48;74;68;21;23;0;24;0;50;56;25;65;51;34;0;36;30;17;35;82;50;26;0;23;44;0;15;31;44;32;33;15;0;14;0;60;55;39;69;34;57;96;52;68;45;38;47;21;0;31;49;21;24;28;56;34;37;20;14;50;49;0;30;50;30;17;44;12;85;23;17;25;39;67;32;23;0;0;64;65;39;58;54;29;11;37;43;37;40;38;56;42;49;20;41;35;67;40;45;51;62;41;44;15;74;16;13;25;57;72;47;40;15;8;46;45;58;56;40;22;17;15;54;34;47;36;36;50;39;20;15;48;44;8;24;56;56;65;37;8;35;19;10;41;64;30;7;0;19;61;83
14/05/2017;304;2879;65;43;47;60;55;17;26;47;18;39;54;44;64;43;22;9;0;41;49;21;76;34;39;26;5;72;20;11;16;34;68;50;38;12;10;75;49;20;41;36;41;0;31;52;33;36;40;43;44;39;21;42;22;30;0;0;48;55;18;44;65;84;28;27;21;0;61;0;38;0;14;42;42;8;0;49;0;0;0;39;61;71;38;49;64;8;32;33;24;0;25;57;47;41;19;58;43;13;0;14;0;63;65;27;13;0;61;70;70;31;52;53;35;7;68;9;19;30;61;54;46;43;17;33;33;0;32;87;40;0;0;0;20;68;14;23;29;0;72;82;37;18;0;42;0;27;64;0;45;42;32;22;38;23;35;30;87;55;38;13;0;0;0;48;32;47;26;0;0;0;25;27;100;59;41;60;0;52;88;59;67;67;32;36;68;32;39;16;46;20;53;41;78;36;23;14;0;41;0;25;59;76;28;55;50;66;43;0;12;32;61;27;30;67;32;57;61;51;54;51;41;9;33;69;59;43;37;55;42;48;21;23;47;46;22;45;48;87;68;72;16;73;20;15;22;71;72;38;38;18;14;47;39;42;37;45;34;43;32;79;55;39;45;54;60;38;25;16;28;23;6;99;60;29;23;0;12;27;29;17;28;58;41;16;14;23;30;61
21/05/2017;649;8102;59;54;38;34;45;34;26;38;69;32;42;38;53;41;37;10;36;35;29;30;20;33;29;63;16;78;16;37;24;50;65;35;36;12;5;84;54;15;28;44;48;9;30;20;22;17;34;25;41;39;30;0;22;29;11;40;47;0;17;0;32;72;18;0;14;26;59;32;18;21;13;40;52;6;0;46;35;18;66;15;34;17;38;44;63;0;32;22;0;0;24;63;42;40;35;0;34;26;0;14;26;63;80;40;19;0;12;72;55;22;46;33;37;0;37;18;35;33;56;36;40;39;26;24;18;0;0;0;21;0;28;0;0;75;0;0;31;0;71;75;32;45;0;54;0;44;44;26;40;50;34;14;37;41;26;22;79;41;38;20;0;46;0;31;19;53;25;35;0;0;34;26;76;63;0;49;36;55;66;54;65;27;40;39;65;0;35;17;25;54;40;44;55;36;32;21;22;0;0;41;60;27;30;49;11;70;15;15;20;26;64;86;27;72;26;69;66;41;49;42;40;12;34;70;50;35;39;58;40;46;24;45;45;54;22;43;43;64;40;55;24;72;24;15;31;62;72;59;52;19;11;53;52;41;35;47;39;17;61;77;44;35;47;40;53;37;36;12;22;22;8;49;53;0;44;19;8;31;57;19;28;60;0;46;14;17;47;72
28/05/2017;400;4348;59;51;42;50;33;49;29;82;42;37;42;37;56;42;29;15;18;45;37;44;24;32;28;43;18;77;12;16;20;32;68;14;41;34;14;48;67;26;27;47;54;17;0;19;51;41;52;38;36;37;24;58;41;28;6;0;46;38;49;20;0;53;17;0;15;50;58;31;28;0;13;69;60;5;0;37;68;17;32;29;40;67;30;14;45;8;21;21;45;0;15;52;38;39;25;0;0;25;36;18;25;66;48;33;28;22;41;67;45;52;30;62;21;8;0;9;20;32;26;30;46;40;17;23;17;43;33;0;26;38;27;0;20;64;14;0;26;0;72;57;30;18;0;60;0;71;36;0;47;52;31;15;38;29;35;22;60;48;37;13;25;0;32;16;26;48;17;0;0;0;20;27;32;27;0;51;0;52;75;50;64;62;42;51;46;0;48;70;28;49;28;56;43;36;28;24;51;0;0;47;44;31;23;67;25;75;47;17;25;39;70;65;31;41;0;77;58;48;42;45;40;13;44;41;46;42;33;55;43;45;21;0;12;32;40;40;40;44;42;35;17;68;15;20;27;63;71;62;44;18;13;37;43;46;24;39;31;56;22;75;24;36;39;35;44;36;28;7;21;22;9;59;52;82;21;18;8;21;36;21;0;64;58;31;27;25;53;68
04/06/2017;256;807;59;34;32;36;26;24;42;41;62;37;43;44;57;41;42;100;26;50;56;49;29;80;19;49;7;73;14;22;20;48;69;55;29;0;9;67;56;26;54;47;45;13;57;20;21;42;57;49;48;37;39;97;41;28;8;0;49;25;17;21;31;56;17;26;19;75;63;0;44;20;11;62;29;4;0;40;65;33;0;28;39;16;41;68;67;0;20;41;22;38;16;64;45;39;21;0;16;12;0;33;24;62;67;26;35;21;45;73;80;46;25;30;31;8;68;9;13;46;39;37;43;39;29;100;17;42;0;0;30;0;26;0;0;66;14;0;11;0;72;70;22;36;22;17;0;17;63;26;54;42;31;14;0;28;17;18;83;63;49;0;0;0;0;100;24;52;16;0;0;0;24;0;53;26;0;65;0;52;68;51;54;56;55;54;37;0;63;99;21;49;33;58;61;35;34;100;38;37;0;31;44;31;0;22;25;84;29;0;13;39;74;0;40;0;0;74;58;44;52;44;36;14;55;47;60;38;41;55;49;45;28;41;18;32;26;23;46;59;44;44;18;73;21;17;22;74;73;41;42;17;15;49;48;49;28;21;22;32;58;29;51;45;48;48;52;36;51;100;10;21;3;0;60;81;32;18;15;29;0;16;26;62;19;48;13;33;66;70
11/06/2017;653;5520;70;61;48;41;27;40;49;40;62;47;42;44;63;39;32;13;43;33;37;58;52;47;27;36;15;72;12;5;20;24;69;54;46;100;14;68;70;15;30;28;46;100;43;19;21;25;48;39;52;36;27;68;0;0;4;0;46;25;16;0;46;58;35;25;24;100;61;0;31;100;13;31;19;0;46;48;0;24;0;14;29;32;37;26;38;100;29;30;21;37;20;70;47;36;26;0;0;12;0;22;24;59;57;29;86;0;71;73;65;21;32;15;32;100;69;26;13;0;56;55;46;40;25;23;0;0;33;45;23;38;27;0;20;51;14;0;15;33;69;74;15;73;22;17;100;55;47;28;40;47;34;30;0;17;0;42;69;45;73;14;26;0;100;16;26;54;18;0;16;0;31;27;56;39;0;69;0;49;53;52;59;25;43;37;18;57;39;79;21;48;38;47;63;35;35;37;50;25;0;31;53;30;23;33;36;76;29;0;11;38;72;0;29;100;19;57;50;48;50;44;26;100;42;44;29;45;42;56;56;43;24;40;23;31;32;28;41;54;48;37;16;68;14;26;27;61;69;27;36;100;21;53;61;31;39;33;24;69;28;77;22;40;46;58;61;35;43;35;15;20;7;45;50;39;0;51;15;8;17;18;0;61;18;46;100;26;46;65
18/06/2017;591;5497;72;55;46;39;30;24;45;40;53;34;56;46;71;42;33;11;26;44;46;34;33;32;64;24;13;72;23;27;31;40;67;47;56;22;19;82;77;23;47;14;37;31;58;39;21;34;37;44;67;39;33;59;21;0;13;0;49;52;33;41;0;65;18;0;28;25;56;0;33;14;4;47;19;11;0;49;0;25;31;36;57;33;53;36;16;15;30;20;44;76;26;66;56;40;18;0;16;12;0;24;0;60;72;31;47;0;67;76;98;26;36;31;14;8;0;9;23;31;39;67;52;41;42;34;17;0;0;0;22;0;27;26;30;57;0;23;40;0;66;49;41;30;0;34;0;56;79;28;34;37;35;15;0;40;27;19;63;37;60;0;26;0;0;16;33;55;18;0;16;0;10;0;87;55;0;54;0;49;65;59;50;26;46;35;34;0;24;30;21;0;40;43;64;38;38;21;26;100;34;31;44;0;17;45;37;75;59;17;25;20;72;33;40;0;0;67;52;32;65;57;27;21;80;48;56;49;48;60;65;46;19;41;23;35;46;67;42;61;33;34;17;70;18;10;31;45;69;13;49;37;21;42;53;33;37;19;17;51;41;75;30;44;44;62;71;36;33;27;24;20;4;22;46;25;39;33;11;8;0;15;25;59;0;34;36;34;58;64
25/06/2017;486;12249;79;43;55;38;38;17;53;43;48;29;62;50;92;46;33;30;46;95;29;67;66;51;39;45;12;65;24;20;16;51;63;29;51;18;5;91;83;67;58;21;33;34;0;22;58;28;62;55;97;45;20;44;69;32;5;0;41;86;37;23;17;61;29;29;19;28;58;0;35;23;14;87;64;8;52;58;0;18;0;0;59;62;51;35;52;12;22;45;24;21;33;82;100;46;7;0;52;13;0;18;0;56;78;29;87;23;43;76;97;48;40;0;41;27;79;10;15;73;61;24;100;50;34;26;20;49;0;0;40;44;61;0;47;70;33;27;17;0;72;48;52;56;0;79;37;61;100;0;33;31;42;0;0;15;30;51;66;48;73;0;0;0;0;54;25;57;19;0;0;0;17;30;47;72;47;63;41;45;59;56;66;47;57;25;46;44;36;23;48;28;36;60;97;44;43;36;58;0;0;35;43;88;27;51;21;71;47;19;27;68;64;0;29;93;45;65;58;57;62;50;38;22;82;39;66;100;46;62;87;52;23;0;26;69;15;37;41;84;43;34;19;66;22;18;24;12;67;15;33;40;29;86;68;67;57;36;23;22;75;55;52;64;46;68;91;39;32;21;29;0;4;44;47;75;20;41;11;31;17;12;0;53;35;28;25;45;100;66
02/07/2017;105;529;82;54;57;53;27;32;66;49;42;37;67;57;88;47;35;13;0;45;19;25;48;48;23;43;20;71;23;24;22;16;64;27;32;34;16;65;75;16;49;35;28;14;61;52;66;53;57;61;86;45;26;62;22;30;4;82;73;27;18;22;16;66;37;27;24;0;59;33;26;14;18;90;40;14;96;69;67;17;64;0;46;41;45;60;36;11;31;63;67;29;22;72;86;47;27;0;0;19;35;25;25;60;78;25;69;87;68;68;90;34;40;34;19;9;57;10;22;68;40;19;75;52;28;50;0;0;0;0;23;0;29;57;33;62;16;0;40;74;68;92;25;100;0;38;35;57;82;88;54;33;39;0;0;35;28;44;65;59;84;29;0;0;0;17;19;66;36;0;0;0;11;29;86;69;45;61;0;47;72;56;64;45;58;24;40;0;26;43;53;0;43;66;96;45;41;8;28;54;0;34;71;0;32;48;40;76;38;18;21;22;67;0;18;45;21;78;59;44;66;58;31;25;81;66;61;60;44;67;88;52;21;21;44;51;41;77;56;88;27;53;15;70;25;21;31;54;67;64;40;26;20;81;57;61;33;40;16;72;33;66;33;72;50;56;92;40;35;7;18;38;8;21;54;36;38;16;14;15;0;23;24;54;0;39;23;35;50;58
09/07/2017;684;7999;92;52;63;45;24;23;47;31;55;70;64;50;87;46;41;22;41;85;44;32;100;30;35;23;11;69;20;13;18;45;63;32;33;16;13;85;61;38;74;19;22;18;29;49;21;51;43;67;86;45;33;59;42;0;4;0;67;26;0;21;16;55;36;0;14;0;57;31;29;14;13;55;38;7;92;64;95;24;30;28;55;48;49;18;58;21;39;40;32;37;23;83;81;44;20;53;31;24;34;27;24;58;100;29;49;62;22;75;99;50;19;25;41;8;37;9;24;33;52;58;78;51;31;48;18;0;35;0;33;0;0;0;21;57;23;0;35;0;70;65;32;58;24;100;34;56;65;28;30;54;38;0;0;34;27;39;65;69;85;14;0;49;34;50;40;53;0;0;16;0;21;0;83;61;0;66;0;44;51;52;81;32;62;59;6;0;16;41;43;0;42;60;77;43;51;32;26;26;70;32;57;64;24;69;32;77;36;17;11;30;68;0;25;42;20;82;62;38;70;46;23;18;68;50;45;43;44;66;84;51;22;21;18;79;27;18;54;75;29;55;14;66;17;17;19;29;68;56;38;29;30;81;61;44;34;59;15;68;62;25;24;71;48;53;91;39;29;22;30;54;3;39;62;34;71;15;10;18;15;15;34;52;41;39;22;38;47;63
16/07/2017;475;134;91;64;50;43;17;60;58;45;58;88;67;50;83;44;35;15;24;78;26;59;49;15;39;45;10;71;7;23;26;30;62;19;35;16;100;70;91;14;65;36;29;21;27;37;70;64;62;49;87;43;33;37;20;27;4;37;50;37;0;29;15;69;17;25;18;24;53;30;21;0;100;74;37;5;45;46;0;31;29;27;47;46;58;73;52;14;19;19;41;53;24;96;85;44;28;50;30;29;0;8;0;56;83;33;64;100;100;59;88;73;25;62;32;0;0;9;43;0;53;72;78;50;29;57;17;0;33;45;35;77;27;0;20;52;0;0;41;34;69;72;30;55;100;43;0;65;64;0;50;32;41;15;0;43;27;27;77;52;100;21;0;73;33;16;23;58;0;0;0;0;26;27;53;60;0;63;0;55;72;53;96;67;41;35;22;39;16;80;56;61;38;65;88;42;31;17;0;38;69;62;56;78;0;45;37;76;35;0;16;20;68;0;24;0;100;57;65;67;70;38;26;21;65;46;51;62;43;65;78;50;29;30;35;31;45;100;43;79;28;46;10;63;27;7;24;50;65;27;32;22;100;63;54;37;42;42;12;60;50;34;39;62;73;70;85;37;41;14;31;16;8;44;50;21;0;20;9;38;28;16;0;48;22;22;35;100;34;47
23/07/2017;761;1362;100;64;53;54;23;15;54;45;46;88;55;49;86;46;34;24;65;36;43;100;54;22;43;34;21;70;20;30;19;22;66;25;37;31;20;82;85;22;32;28;23;17;28;95;51;41;42;55;84;45;29;38;41;0;6;0;60;0;16;20;45;65;0;25;26;98;62;0;26;26;17;53;27;3;44;57;30;31;58;20;70;53;63;34;77;7;65;38;41;44;23;92;89;45;33;100;37;0;0;20;23;62;98;34;52;0;63;68;84;57;30;47;63;15;0;13;36;31;63;46;74;53;34;0;52;0;0;45;40;0;27;26;0;55;14;0;26;34;71;79;19;43;0;51;34;82;95;0;40;29;42;0;39;30;18;42;78;45;71;14;0;0;98;49;28;62;17;0;0;0;15;27;53;33;0;61;0;57;82;59;63;21;54;13;22;0;32;40;14;25;36;58;87;45;44;14;52;0;0;31;55;63;29;23;12;76;30;34;23;30;73;33;27;0;20;79;74;60;72;64;30;24;60;52;67;75;49;67;80;52;26;20;41;31;33;78;49;65;28;37;20;70;21;10;26;90;74;40;32;37;22;77;67;53;37;49;12;87;34;46;44;63;52;58;91;40;25;12;52;17;7;54;54;0;16;48;6;13;42;12;82;56;30;25;20;34;59;63
30/07/2017;435;1492;85;46;57;52;32;37;27;45;95;87;61;54;86;45;38;25;32;41;17;54;44;37;51;39;4;68;16;20;16;44;68;50;35;36;15;71;71;24;40;40;40;24;80;55;39;47;50;49;93;45;31;45;58;0;0;0;59;36;23;19;28;67;32;23;18;0;63;29;23;0;18;94;18;8;0;62;30;15;28;0;56;44;74;62;53;13;54;0;40;26;27;77;81;45;32;0;50;11;31;10;44;63;77;35;75;19;71;70;95;67;32;31;45;0;51;17;29;31;52;62;75;51;12;34;34;42;97;88;30;0;0;25;0;57;14;23;18;33;75;41;26;54;0;34;0;37;58;28;34;29;42;0;0;33;18;27;80;33;79;55;0;48;34;25;30;56;26;36;0;51;36;0;46;55;43;63;0;32;52;62;71;20;39;25;36;38;0;58;21;0;48;62;79;44;43;7;100;24;34;30;42;30;28;22;24;73;23;16;17;29;74;32;32;40;19;75;80;49;74;77;34;21;70;52;59;69;43;75;80;53;27;20;41;53;71;72;45;93;61;43;26;69;19;33;29;39;75;40;32;33;22;81;56;42;43;23;19;66;27;61;24;81;46;58;96;39;28;17;46;32;8;70;55;20;39;13;14;19;13;16;0;56;43;29;15;31;44;56
06/08/2017;657;994;87;64;59;43;25;15;52;40;56;55;67;53;84;46;34;20;16;60;17;39;47;43;25;44;10;69;8;17;18;43;67;24;33;20;21;81;77;20;52;43;27;36;78;18;66;30;68;60;87;43;29;26;56;25;0;35;55;23;15;19;42;62;0;0;14;0;60;28;24;25;12;70;34;0;42;47;29;22;54;19;70;43;51;52;38;6;26;63;48;42;23;83;88;44;18;0;28;11;30;17;43;63;90;25;73;28;64;71;100;40;24;37;27;0;0;8;28;30;44;53;75;51;32;22;33;0;0;43;27;0;26;25;19;59;28;0;7;0;78;80;22;41;0;74;32;36;84;54;50;45;43;14;38;29;35;26;68;73;72;13;0;47;32;16;25;56;42;35;0;0;0;53;86;53;0;64;0;38;57;61;63;49;63;51;29;36;15;19;27;35;32;66;74;43;20;20;24;24;33;29;48;30;28;21;18;76;39;0;17;28;73;31;25;39;19;55;68;55;61;72;28;24;72;43;48;62;46;64;81;51;24;50;34;26;19;87;44;46;45;64;26;62;14;6;26;55;71;33;39;21;24;88;59;37;47;37;13;62;31;63;30;75;45;57;92;38;28;21;18;30;2;66;49;29;30;25;11;33;13;6;28;54;27;40;19;45;54;56
13/08/2017;906;599;82;67;60;42;21;15;26;44;56;79;63;54;85;45;37;22;31;40;0;40;65;57;46;22;18;75;19;27;22;29;68;49;40;0;17;67;88;14;55;26;19;16;66;18;57;31;59;48;73;43;25;36;38;26;6;36;51;47;15;19;28;62;48;24;21;23;63;29;29;12;8;72;44;3;65;47;30;15;42;20;45;59;51;42;36;20;27;28;60;35;33;72;74;45;33;49;15;22;94;15;0;64;81;34;51;19;46;63;97;93;54;15;28;0;35;13;29;47;42;50;95;48;29;67;0;0;32;0;26;0;27;52;20;62;14;0;11;0;76;90;33;42;0;68;0;36;82;0;37;33;42;14;0;23;35;60;87;52;72;0;0;47;49;40;26;61;34;35;0;0;10;0;39;59;83;60;0;42;70;61;65;30;48;64;41;0;0;38;40;24;37;63;76;43;38;13;24;0;0;0;44;0;33;32;24;70;39;0;16;38;75;0;34;39;76;67;78;57;62;66;27;21;34;43;40;76;45;67;78;50;26;61;30;40;39;23;38;91;49;50;18;71;21;20;32;51;76;41;33;35;26;71;62;26;44;38;10;64;64;75;17;61;40;52;88;37;30;27;26;16;12;17;49;0;15;26;6;24;26;20;19;54;14;19;14;31;66;66
20/08/2017;1138;324;90;66;65;52;23;43;37;33;74;64;57;55;77;44;36;22;16;50;17;48;22;50;33;22;16;72;11;17;15;29;69;24;42;30;13;89;66;28;64;45;19;12;81;18;59;71;51;57;62;43;30;74;49;27;8;37;46;24;16;58;22;83;41;0;18;24;66;0;46;0;10;95;54;7;44;59;76;15;43;26;61;53;43;30;73;7;19;28;41;0;25;77;69;44;25;0;15;34;32;22;0;63;79;37;44;20;21;79;99;52;50;62;39;15;34;13;36;31;52;63;79;52;8;56;34;0;45;24;0;53;26;20;42;14;23;22;34;78;91;15;42;22;43;33;44;69;0;31;28;41;14;38;22;35;56;56;69;53;13;25;47;32;16;26;65;34;35;0;0;29;52;51;90;41;55;36;38;50;58;45;20;58;55;24;37;46;47;20;35;53;60;59;42;31;17;0;24;0;30;42;74;17;21;12;68;22;0;18;0;72;0;27;39;0;61;76;54;66;52;24;16;50;56;48;55;49;68;68;51;26;32;36;32;61;23;42;82;56;52;15;72;18;24;25;64;74;42;44;25;21;61;49;38;45;13;11;98;17;57;32;79;51;67;83;39;28;9;8;49;5;27;49;63;33;27;6;42;21;17;20;58;22;17;10;39;67;55;49
27/08/2017;1042;1537;84;71;48;44;27;16;41;20;54;60;72;46;75;43;45;16;17;61;37;39;24;32;46;30;13;60;16;16;17;24;70;34;26;11;19;61;92;19;36;78;15;36;0;60;43;69;46;51;74;43;33;50;43;29;4;0;39;26;17;32;31;55;18;26;23;0;62;0;27;14;18;80;0;14;47;42;0;24;30;14;75;71;46;53;62;7;39;60;64;37;34;75;78;42;26;0;23;30;0;21;0;60;57;38;87;0;33;69;96;43;26;48;33;0;54;18;27;0;51;70;72;49;31;35;35;0;0;30;0;0;53;21;49;15;0;34;35;69;69;43;75;23;27;0;87;69;29;44;30;39;16;42;18;38;28;76;28;63;0;0;51;0;35;21;59;18;0;0;0;0;0;66;64;45;81;0;40;72;57;66;16;41;44;33;41;34;42;37;52;37;38;61;41;40;15;55;80;0;33;35;33;25;0;0;68;49;36;13;21;71;0;19;0;21;37;70;47;43;64;29;18;100;53;56;79;53;51;66;50;29;46;40;50;59;38;33;78;46;53;16;64;22;22;20;19;77;30;43;31;28;69;66;42;49;41;13;69;70;64;52;100;50;62;87;36;29;6;28;33;7;55;44;43;42;14;24;23;14;14;42;54;15;19;16;40;66;55;66
03/09/2017;1411;471;83;76;52;51;28;31;44;35;80;39;63;51;73;43;33;27;34;54;72;42;56;77;40;47;9;71;10;37;19;39;70;33;29;0;16;72;77;53;52;72;12;18;29;39;42;42;48;49;60;44;28;69;42;0;13;0;42;39;17;21;31;77;0;0;9;51;65;0;29;0;9;63;77;7;47;54;32;0;31;28;60;88;78;36;19;7;20;60;43;74;31;82;60;44;21;52;31;24;34;24;0;66;92;22;44;21;50;68;85;39;25;42;15;8;37;19;32;51;35;59;58;49;36;73;37;0;0;32;0;58;28;22;53;15;25;24;36;79;66;16;39;0;93;35;95;68;29;46;55;40;0;61;34;74;28;74;53;43;28;0;100;35;17;18;51;0;0;0;53;42;0;62;62;0;87;0;29;76;62;80;45;47;50;21;37;31;39;21;48;39;68;55;40;30;24;37;0;33;30;48;30;34;54;42;70;34;16;17;19;75;95;31;80;29;54;72;56;63;75;27;19;34;61;68;87;49;67;54;49;25;44;32;62;70;73;44;94;39;64;13;70;21;14;25;49;78;58;38;26;14;64;67;55;41;64;13;66;25;50;43;76;41;53;79;39;29;9;17;18;4;39;64;57;18;22;19;35;15;15;44;59;16;18;28;33;64;67;67
10/09/2017;1365;853;74;50;44;55;23;45;43;15;43;73;58;44;61;43;35;21;33;52;17;50;45;45;26;23;13;76;26;20;23;52;73;45;28;0;4;77;64;14;34;35;18;0;0;24;26;63;56;41;62;41;48;36;52;35;8;73;67;0;0;26;0;78;65;32;13;63;56;39;14;0;5;48;25;6;40;52;28;28;26;30;68;27;39;46;36;6;25;70;28;40;26;72;37;46;30;20;31;0;11;21;73;53;31;27;18;33;77;82;44;46;49;26;8;0;9;24;0;38;22;37;48;31;48;36;45;0;29;0;0;55;0;64;15;25;8;0;79;83;32;13;0;72;0;56;67;28;28;69;38;0;40;37;18;54;66;62;31;21;0;0;50;36;49;26;0;0;31;27;70;61;0;54;0;26;40;63;72;44;45;54;41;37;45;56;66;34;39;54;31;40;38;13;0;24;0;29;39;0;33;32;41;83;11;16;18;37;76;0;24;0;0;60;73;60;61;56;23;14;33;65;39;32;46;65;40;50;23;0;31;33;28;41;47;88;57;56;9;73;22;24;26;77;79;28;39;13;12;47;55;54;36;33;16;21;50;76;44;70;41;58;72;39;36;16;35;0;10;30;52;35;27;46;10;29;16;10;0;66;17;21;11;30;48;72;55;54;36;33
17/09/2017;887;1984;72;84;46;51;35;0;16;32;33;40;76;49;53;43;38;12;34;50;18;24;62;32;27;36;26;82;14;27;17;24;65;60;25;11;5;72;47;26;42;39;41;16;34;46;49;20;82;36;45;42;28;23;25;33;5;46;59;30;29;0;18;59;42;30;14;0;56;37;39;0;8;55;18;8;0;59;31;0;30;27;49;38;58;47;48;7;19;39;41;36;72;75;28;46;42;15;17;0;15;0;65;57;30;25;0;53;78;93;76;31;32;47;0;0;14;37;33;85;52;25;48;22;70;35;0;0;33;0;41;53;21;74;15;0;19;35;72;87;15;44;0;71;0;27;67;54;48;93;39;14;75;25;17;18;78;45;21;13;0;0;16;30;66;0;0;0;29;26;57;47;0;66;36;46;84;57;62;26;50;61;28;24;20;21;0;86;47;31;39;34;21;0;25;34;31;51;62;29;0;31;75;41;0;15;50;68;33;24;0;20;54;72;51;52;60;34;8;40;65;43;55;90;54;33;49;26;22;32;48;35;48;50;51;39;77;12;73;19;18;21;55;71;22;31;15;7;39;54;51;29;32;21;36;13;54;55;74;56;54;53;39;26;17;28;29;15;64;72;37;19;16;21;8;33;13;48;61;44;12;24;25;44;63;54;51;29;32;21
24/09/2017;778;1973;68;58;46;59;54;31;52;31;32;36;53;46;46;41;34;15;34;38;63;24;83;62;45;23;17;74;10;29;15;31;64;39;28;11;11;67;98;41;49;43;25;35;0;20;31;25;46;47;33;44;37;20;21;28;8;39;68;38;0;41;0;79;26;0;16;38;64;0;27;13;4;55;49;11;48;69;0;17;62;43;60;57;56;41;32;7;0;21;22;29;17;70;27;43;21;24;25;0;10;37;60;43;12;33;43;34;80;70;25;45;45;17;0;34;13;38;61;61;45;26;45;8;44;25;0;0;35;0;52;100;20;51;14;0;21;49;75;69;22;30;22;17;0;41;55;25;47;85;36;33;69;30;48;31;84;66;24;12;23;0;30;24;60;16;0;14;36;0;86;49;0;61;33;68;57;56;75;41;22;48;62;64;50;42;0;41;43;27;39;29;21;26;75;0;0;59;47;0;78;37;86;12;17;13;30;71;33;24;41;20;52;73;44;58;51;31;7;30;43;53;46;55;52;26;47;23;22;44;28;42;66;56;46;44;80;17;76;20;7;31;60;72;50;30;7;14;46;60;33;29;51;27;15;13;47;38;44;45;54;48;39;36;17;23;19;8;63;70;25;29;24;7;23;13;0;59;0;32;0;32;60;64;60;33;29;51;27;15
01/10/2017;626;2000;77;56;38;57;50;16;79;37;46;37;58;43;49;41;47;13;61;28;28;49;34;24;42;68;13;81;19;19;13;48;65;62;27;23;7;66;95;26;27;57;42;9;29;19;41;25;38;42;28;41;26;0;21;0;6;0;60;64;33;0;15;75;44;0;17;25;65;0;31;14;6;70;31;22;100;51;34;0;33;0;41;86;31;67;29;8;21;32;23;20;25;63;24;44;16;50;19;36;7;52;62;46;30;19;35;76;63;32;42;64;14;0;36;9;20;32;33;34;19;46;13;47;26;0;45;32;38;27;39;20;60;29;0;15;68;73;55;23;0;23;35;30;17;54;26;50;74;36;14;0;22;59;36;79;43;24;25;0;0;15;32;56;0;0;15;19;26;52;56;0;73;0;61;63;52;100;38;42;60;39;100;52;0;38;29;44;21;38;28;14;0;0;0;48;57;32;24;47;13;85;12;0;18;41;67;34;22;43;0;55;80;58;50;63;38;6;58;67;61;53;40;51;24;47;28;66;32;58;28;42;53;70;39;61;10;78;20;7;26;67;73;44;33;17;11;46;45;44;29;46;33;53;14;49;44;60;49;40;42;40;35;28;15;0;10;44;59;51;20;25;7;16;12;0;60;18;37;25;19;36;72;45;44;29;46;33;53;14